content,publish_time,like_count,comment_count,platform,brand,product,campaign,source_type,risk_label
用了几天，这次光感修护精华液真的好用，质地清爽不黏，早上上妆也不搓泥，已经准备回购。希望品牌给个明确说明。我是混油皮，达人链接下单，早晚用了4天，这个点对敏感肌很关键。,2026-06-01 02:44:00,57,15,小红书,NewBrand,光感修护精华液,敏感肌种草,用户评论,正向口碑
测评后感觉，价格比竞品贵一截，但效果没有宣传那么夸张，感觉被种草文骗了。我是外油内干，达人链接下单，空瓶半瓶后，和同价位竞品对比差异明显。,2026-05-28 20:41:00,126,38,微博,竞品B,光感修护精华液,夏季修护专题,达人笔记,价格价值争议
价格比竞品贵一截，但效果没有宣传那么夸张，感觉被种草文骗了。大家怎么看？我是外油内干，小样试用后入正装，用了2次，评论区反馈分化很明显。,2026-05-27 03:31:00,133,37,京东评价,NewBrand,光感修护精华液,达人测评,电商评价,价格价值争议
连续用了一周，光感修护精华液对换季干燥有改善，修护感很明显。希望品牌给个明确说明。我是油敏皮，小样试用后入正装，用了2次，后续上妆状态变化很大。,2026-05-30 19:45:00,71,4,天猫评价,NewBrand,光感修护精华液,夏季修护专题,话题讨论,正向口碑
姐妹们，这次温和洁面乳真的好用，质地清爽不黏，早上上妆也不搓泥，已经准备回购。大家怎么看？我是外油内干，大促囤货，用了1周，大促期间看到很多类似反馈。,2026-05-30 21:29:00,59,14,天猫评价,NewBrand,温和洁面乳,敏感肌种草,用户评论,正向口碑
用了几天，看到很多人反馈刺痛，也有人说好用，感觉和肤质关系很大。希望品牌给个明确说明。我是干敏皮，大促囤货，刚上脸10分钟，客服回复会直接影响我是否复购。,2026-05-27 13:59:00,20,15,天猫评价,竞品C,温和洁面乳,618大促,达人笔记,中性观察
用了三天爆痘，停用后才慢慢好，不敢继续用了。希望品牌给个明确说明。我是痘肌，直播间入手，空瓶半瓶后，大促期间看到很多类似反馈。,2026-05-30 01:55:00,183,22,京东评价,NewBrand,早C晚A精华套装,新品上市,达人笔记,价格价值争议
测评后感觉，用了三天爆痘，停用后才慢慢好，不敢继续用了。大家怎么看？我是沙漠干皮，大促囤货，连续用了3天，希望品牌补充适用人群说明。,2026-05-31 22:07:00,66,20,B站,NewBrand,早C晚A精华套装,敏感肌种草,短视频评论,产品质量风险
姐妹们，保湿和提亮都比较自然，不是那种立刻假白的效果。希望品牌给个明确说明。我是沙漠干皮，达人链接下单，刚上脸10分钟，评论区反馈分化很明显。,2026-05-31 07:57:00,54,1,京东评价,NewBrand,光感修护精华液,达人测评,达人笔记,正向口碑
活动价还可以，套装搭配合理，适合第一次尝试这个系列。我是沙漠干皮，大促囤货，用了2次，后续上妆状态变化很大。,2026-05-28 17:38:00,30,7,抖音,NewBrand,舒缓保湿面膜,618大促,达人笔记,正向口碑
用了几天，用了三天爆痘，停用后才慢慢好，不敢继续用了。希望品牌给个明确说明。我是正常偏干，朋友推荐后购买，用了1周，鼻翼和脸颊反应最明显。,2026-05-31 05:04:00,75,38,抖音,NewBrand,光感修护精华液,达人测评,用户评论,产品质量风险
用了几天，用了三天爆痘，停用后才慢慢好，不敢继续用了。我是正常偏干，直播间入手，空瓶半瓶后，大促期间看到很多类似反馈。,2026-05-30 16:34:00,118,11,天猫评价,NewBrand,舒缓保湿面膜,618大促,话题讨论,广告承诺争议
质地看着高级，上脸却搓泥，后续上妆完全不服帖，踩雷。大家怎么看？我是油敏皮，旗舰店买的，用了2次，后续上妆状态变化很大。,2026-05-31 05:17:00,279,32,小红书,NewBrand,光感修护精华液,达人测评,电商评价,广告承诺争议
测评后感觉，NewBrand广告说温和修护，但我用完明显过敏，这种宣传太离谱。大家怎么看？我是痘肌，达人链接下单，连续用了3天，希望品牌补充适用人群说明。,2026-05-27 20:52:00,363,45,微博,NewBrand,屏障修护面霜,618大促,话题讨论,广告承诺争议
说实话，NewBrand广告说温和修护，但我用完明显过敏，这种宣传太离谱。我是痘肌，大促囤货，连续用了3天，客服回复会直接影响我是否复购。,2026-05-29 04:50:00,113,28,天猫评价,NewBrand,早C晚A精华套装,敏感肌种草,电商评价,售后体验不满
NewBrand这波新品包装和肤感都比以前细腻，吸收快，味道也克制。大家怎么看？我是干敏皮，朋友推荐后购买，刚上脸10分钟，和同价位竞品对比差异明显。,2026-05-27 23:53:00,30,25,B站,NewBrand,温和洁面乳,敏感肌种草,达人笔记,正向口碑
姐妹们，价格比竞品贵一截，但效果没有宣传那么夸张，感觉被种草文骗了。大家怎么看？我是痘肌，达人链接下单，早晚用了4天，大促期间看到很多类似反馈。,2026-05-26 00:14:00,201,8,小红书,NewBrand,光感修护精华液,达人测评,短视频评论,价格价值争议
客服解释成分很专业，售后响应也快，这点比竞品体验好。大家怎么看？我是正常偏干，旗舰店买的，用了1周，鼻翼和脸颊反应最明显。,2026-05-25 16:30:00,37,0,B站,竞品A,温和洁面乳,新品上市,话题讨论,正向口碑
说实话，竞品C这次活动力度一般，赠品多但主品价格没有太大优势。希望品牌给个明确说明。我是正常偏干，旗舰店买的，空瓶半瓶后，希望品牌补充适用人群说明。,2026-05-29 19:00:00,12,8,京东评价,竞品C,早C晚A精华套装,新品上市,用户评论,中性观察
用了几天，连续用了一周，屏障修护面霜对换季干燥有改善，修护感很明显。还会继续观察。我是痘肌，达人链接下单，用了1周，评论区反馈分化很明显。,2026-05-26 02:13:00,25,2,微博,NewBrand,屏障修护面霜,新品上市,用户评论,正向口碑
竞品A广告说温和修护，但我用完明显过敏，这种宣传太离谱。大家怎么看？我是油敏皮，小样试用后入正装，用了1周，后续上妆状态变化很大。,2026-05-30 06:37:00,188,15,京东评价,竞品A,光感修护精华液,敏感肌种草,电商评价,价格价值争议
测评后感觉，用了早C晚A精华套装之后脸颊刺痛泛红，严重辣脸，第二天还起了小疹子。还会继续观察。我是混油皮，朋友推荐后购买，刚上脸10分钟，和同价位竞品对比差异明显。,2026-05-31 11:59:00,51,6,小红书,竞品A,早C晚A精华套装,敏感肌种草,达人笔记,价格价值争议
姐妹们，连续用了一周，屏障修护面霜对换季干燥有改善，修护感很明显。还会继续观察。我是油敏皮，朋友推荐后购买，刚上脸10分钟，这个点对敏感肌很关键。,2026-05-29 23:50:00,85,13,微博,NewBrand,屏障修护面霜,618大促,用户评论,正向口碑
用了几天，保湿和提亮都比较自然，不是那种立刻假白的效果。希望品牌给个明确说明。我是痘肌，达人链接下单，用了1周，客服回复会直接影响我是否复购。,2026-05-26 16:05:00,101,4,抖音,NewBrand,舒缓保湿面膜,敏感肌种草,达人笔记,正向口碑
说实话，NewBrand这波新品包装和肤感都比以前细腻，吸收快，味道也克制。不建议盲买。我是痘肌，大促囤货，空瓶半瓶后，客服回复会直接影响我是否复购。,2026-05-30 18:33:00,58,28,天猫评价,NewBrand,早C晚A精华套装,新品上市,达人笔记,正向口碑
说实话，用了舒缓保湿面膜之后脸颊刺痛泛红，严重辣脸，第二天还起了小疹子。我是屏障受损肌，旗舰店买的，连续用了3天，希望品牌补充适用人群说明。,2026-05-29 08:38:00,33,16,天猫评价,NewBrand,舒缓保湿面膜,达人测评,话题讨论,售后体验不满
测评后感觉，买的套装里小样快过期，包装还压坏了，活动体验很糟糕。大家怎么看？我是痘肌，旗舰店买的，早晚用了4天，希望品牌补充适用人群说明。,2026-05-25 00:49:00,127,25,B站,NewBrand,舒缓保湿面膜,夏季修护专题,短视频评论,达人内容质疑
客服回复速度还行，但对过敏问题的解释比较模板化。不建议盲买。我是正常偏干，旗舰店买的，刚上脸10分钟，这个点对敏感肌很关键。,2026-05-30 02:26:00,15,8,小红书,NewBrand,早C晚A精华套装,敏感肌种草,达人笔记,中性观察
测评后感觉，买的套装里小样快过期，包装还压坏了，活动体验很糟糕。大家怎么看？我是正常偏干，朋友推荐后购买，空瓶半瓶后，鼻翼和脸颊反应最明显。,2026-05-27 22:29:00,99,5,小红书,NewBrand,光感修护精华液,618大促,达人笔记,达人内容质疑
测评后感觉，客服解释成分很专业，售后响应也快，这点比竞品体验好。我是混油皮，小样试用后入正装，用了2次，希望品牌补充适用人群说明。,2026-05-31 07:20:00,40,14,抖音,NewBrand,舒缓保湿面膜,新品上市,电商评价,正向口碑
这次屏障修护面霜真的好用，质地清爽不黏，早上上妆也不搓泥，已经准备回购。希望品牌给个明确说明。我是油敏皮，朋友推荐后购买，空瓶半瓶后，后续上妆状态变化很大。,2026-05-26 05:40:00,78,3,京东评价,NewBrand,屏障修护面霜,新品上市,达人笔记,正向口碑
说实话，达人测评没有夸张，实际使用确实温和，油皮也能接受。希望品牌给个明确说明。我是干敏皮，旗舰店买的，刚上脸10分钟，希望品牌补充适用人群说明。,2026-05-30 15:00:00,74,3,小红书,NewBrand,屏障修护面霜,夏季修护专题,达人笔记,正向口碑
测评后感觉，NewBrand这次活动力度一般，赠品多但主品价格没有太大优势。希望品牌给个明确说明。我是正常偏干，大促囤货，用了1周，客服回复会直接影响我是否复购。,2026-05-26 01:38:00,11,4,抖音,NewBrand,舒缓保湿面膜,敏感肌种草,达人笔记,中性观察
姐妹们，质地看着高级，上脸却搓泥，后续上妆完全不服帖，踩雷。大家怎么看？我是痘肌，小样试用后入正装，用了1周，客服回复会直接影响我是否复购。,2026-05-27 10:14:00,47,24,B站,NewBrand,光感修护精华液,618大促,用户评论,售后体验不满
竞品A这波新品包装和肤感都比以前细腻，吸收快，味道也克制。大家怎么看？我是痘肌，达人链接下单，用了2次，和同价位竞品对比差异明显。,2026-05-30 15:15:00,26,2,抖音,竞品A,光感修护精华液,618大促,用户评论,正向口碑
测评后感觉，买的套装里小样快过期，包装还压坏了，活动体验很糟糕。不建议盲买。我是外油内干，朋友推荐后购买，连续用了3天，鼻翼和脸颊反应最明显。,2026-05-30 04:41:00,113,18,天猫评价,NewBrand,屏障修护面霜,达人测评,用户评论,售后体验不满
测评后感觉，达人测评没有夸张，实际使用确实温和，油皮也能接受。希望品牌给个明确说明。我是正常偏干，旗舰店买的，连续用了3天，和同价位竞品对比差异明显。,2026-06-01 07:45:00,103,22,小红书,NewBrand,舒缓保湿面膜,夏季修护专题,短视频评论,正向口碑
姐妹们，活动价还可以，套装搭配合理，适合第一次尝试这个系列。还会继续观察。我是干敏皮，小样试用后入正装，连续用了3天，客服回复会直接影响我是否复购。,2026-05-30 08:28:00,15,5,小红书,竞品A,温和洁面乳,夏季修护专题,短视频评论,正向口碑
姐妹们，看到很多人反馈刺痛，也有人说好用，感觉和肤质关系很大。不建议盲买。我是屏障受损肌，小样试用后入正装，空瓶半瓶后，评论区反馈分化很明显。,2026-05-26 05:01:00,23,1,微博,NewBrand,温和洁面乳,达人测评,达人笔记,中性观察
测评后感觉，包装设计挺好看，但更关心长期使用后的稳定性。不建议盲买。我是正常偏干，大促囤货，用了1周，评论区反馈分化很明显。,2026-05-29 18:22:00,10,3,微博,NewBrand,早C晚A精华套装,夏季修护专题,达人笔记,中性观察
用了几天，价格比竞品贵一截，但效果没有宣传那么夸张，感觉被种草文骗了。不建议盲买。我是外油内干，朋友推荐后购买，用了1周，鼻翼和脸颊反应最明显。,2026-05-25 09:50:00,104,6,微博,竞品B,舒缓保湿面膜,达人测评,话题讨论,达人内容质疑
测评后感觉，用了屏障修护面霜之后脸颊刺痛泛红，严重辣脸，第二天还起了小疹子。不建议盲买。我是痘肌，小样试用后入正装，刚上脸10分钟，客服回复会直接影响我是否复购。,2026-06-01 00:08:00,137,34,天猫评价,NewBrand,屏障修护面霜,618大促,达人笔记,广告承诺争议
姐妹们，价格比竞品贵一截，但效果没有宣传那么夸张，感觉被种草文骗了。还会继续观察。我是正常偏干，朋友推荐后购买，连续用了3天，评论区反馈分化很明显。,2026-05-29 06:46:00,59,10,天猫评价,NewBrand,舒缓保湿面膜,达人测评,电商评价,广告承诺争议
敏感肌用光感修护精华液很安心，泛红稳定下来，保湿感也不错。还会继续观察。我是油敏皮，小样试用后入正装，空瓶半瓶后，客服回复会直接影响我是否复购。,2026-05-28 18:21:00,13,3,小红书,NewBrand,光感修护精华液,新品上市,电商评价,正向口碑
质地看着高级，上脸却搓泥，后续上妆完全不服帖，踩雷。希望品牌给个明确说明。我是沙漠干皮，大促囤货，用了2次，这个点对敏感肌很关键。,2026-05-27 08:03:00,34,2,微博,竞品B,早C晚A精华套装,敏感肌种草,短视频评论,价格价值争议
测评后感觉，达人笔记全在夸，评论区却很多人说刺激，品牌是不是控评了。还会继续观察。我是油敏皮，达人链接下单，早晚用了4天，客服回复会直接影响我是否复购。,2026-05-28 02:56:00,197,31,抖音,竞品A,光感修护精华液,夏季修护专题,电商评价,售后体验不满
姐妹们，这次屏障修护面霜真的好用，质地清爽不黏，早上上妆也不搓泥，已经准备回购。希望品牌给个明确说明。我是干敏皮，小样试用后入正装，用了2次，后续上妆状态变化很大。,2026-05-28 22:29:00,29,10,天猫评价,NewBrand,屏障修护面霜,新品上市,短视频评论,正向口碑
竞品B这次活动力度一般，赠品多但主品价格没有太大优势。还会继续观察。我是沙漠干皮，小样试用后入正装，用了1周，和同价位竞品对比差异明显。,2026-05-25 21:43:00,140,6,天猫评价,竞品B,屏障修护面霜,夏季修护专题,用户评论,中性观察
测评后感觉，达人测评没有夸张，实际使用确实温和，油皮也能接受。还会继续观察。我是油敏皮，旗舰店买的，用了1周，评论区反馈分化很明显。,2026-05-29 01:54:00,34,14,小红书,NewBrand,屏障修护面霜,新品上市,达人笔记,正向口碑
温和洁面乳肤感还可以，但功效需要再观察，暂时没有特别惊喜。希望品牌给个明确说明。我是干敏皮，朋友推荐后购买，连续用了3天，鼻翼和脸颊反应最明显。,2026-05-27 07:27:00,56,1,小红书,NewBrand,温和洁面乳,敏感肌种草,用户评论,中性观察
用了几天，质地看着高级，上脸却搓泥，后续上妆完全不服帖，踩雷。不建议盲买。我是油敏皮，旗舰店买的，连续用了3天，后续上妆状态变化很大。,2026-05-28 13:21:00,170,6,小红书,竞品C,光感修护精华液,敏感肌种草,电商评价,售后体验不满
姐妹们，价格比竞品贵一截，但效果没有宣传那么夸张，感觉被种草文骗了。希望品牌给个明确说明。我是干敏皮，小样试用后入正装，空瓶半瓶后，鼻翼和脸颊反应最明显。,2026-05-26 14:22:00,42,47,B站,NewBrand,屏障修护面霜,敏感肌种草,用户评论,价格价值争议
姐妹们，这次屏障修护面霜真的好用，质地清爽不黏，早上上妆也不搓泥，已经准备回购。不建议盲买。我是沙漠干皮，大促囤货，空瓶半瓶后，和同价位竞品对比差异明显。,2026-05-31 08:58:00,17,3,微博,NewBrand,屏障修护面霜,618大促,短视频评论,正向口碑
用了几天，包装设计挺好看，但更关心长期使用后的稳定性。还会继续观察。我是油敏皮，直播间入手，用了1周，鼻翼和脸颊反应最明显。,2026-05-24 11:14:00,6,0,B站,竞品B,光感修护精华液,达人测评,用户评论,中性观察
价格比竞品贵一截，但效果没有宣传那么夸张，感觉被种草文骗了。还会继续观察。我是痘肌，朋友推荐后购买，空瓶半瓶后，和同价位竞品对比差异明显。,2026-05-29 16:09:00,42,39,京东评价,竞品C,屏障修护面霜,敏感肌种草,话题讨论,价格价值争议
说实话，买的套装里小样快过期，包装还压坏了，活动体验很糟糕。不建议盲买。我是屏障受损肌，旗舰店买的，早晚用了4天，后续上妆状态变化很大。,2026-06-01 02:18:00,80,9,京东评价,竞品C,光感修护精华液,夏季修护专题,短视频评论,价格价值争议
姐妹们，客服一直让我再观察，没有给明确处理方案，售后体验真的差。我是外油内干，小样试用后入正装，用了1周，鼻翼和脸颊反应最明显。,2026-05-29 16:11:00,101,55,微博,竞品C,早C晚A精华套装,新品上市,短视频评论,售后体验不满
用了几天，用了三天爆痘，停用后才慢慢好，不敢继续用了。我是沙漠干皮，达人链接下单，早晚用了4天，和同价位竞品对比差异明显。,2026-05-28 20:02:00,96,18,微博,竞品B,光感修护精华液,达人测评,短视频评论,达人内容质疑
保湿和提亮都比较自然，不是那种立刻假白的效果。不建议盲买。我是油敏皮，直播间入手，空瓶半瓶后，大促期间看到很多类似反馈。,2026-05-30 23:30:00,17,8,B站,NewBrand,舒缓保湿面膜,达人测评,短视频评论,正向口碑
用了几天，价格比竞品贵一截，但效果没有宣传那么夸张，感觉被种草文骗了。大家怎么看？我是屏障受损肌，朋友推荐后购买，用了1周，客服回复会直接影响我是否复购。,2026-05-31 10:36:00,249,12,天猫评价,NewBrand,舒缓保湿面膜,618大促,达人笔记,达人内容质疑
竞品B这次活动力度一般，赠品多但主品价格没有太大优势。大家怎么看？我是屏障受损肌，大促囤货，用了1周，后续上妆状态变化很大。,2026-05-29 12:33:00,57,7,小红书,竞品B,舒缓保湿面膜,618大促,用户评论,中性观察
姐妹们，达人测评没有夸张，实际使用确实温和，油皮也能接受。希望品牌给个明确说明。我是正常偏干，小样试用后入正装，空瓶半瓶后，客服回复会直接影响我是否复购。,2026-06-01 07:58:00,87,52,B站,NewBrand,舒缓保湿面膜,夏季修护专题,达人笔记,正向口碑
质地看着高级，上脸却搓泥，后续上妆完全不服帖，踩雷。希望品牌给个明确说明。我是正常偏干，旗舰店买的，空瓶半瓶后，鼻翼和脸颊反应最明显。,2026-05-28 08:07:00,240,11,B站,NewBrand,早C晚A精华套装,敏感肌种草,电商评价,售后体验不满
说实话，用了三天爆痘，停用后才慢慢好，不敢继续用了。不建议盲买。我是正常偏干，达人链接下单，用了2次，鼻翼和脸颊反应最明显。,2026-05-25 06:03:00,58,11,京东评价,竞品B,舒缓保湿面膜,618大促,电商评价,广告承诺争议
说实话，买的套装里小样快过期，包装还压坏了，活动体验很糟糕。不建议盲买。我是混油皮，旗舰店买的，连续用了3天，大促期间看到很多类似反馈。,2026-05-24 14:37:00,117,30,微博,竞品C,光感修护精华液,新品上市,达人笔记,价格价值争议
姐妹们，用了温和洁面乳之后脸颊刺痛泛红，严重辣脸，第二天还起了小疹子。还会继续观察。我是混油皮，直播间入手，连续用了3天，大促期间看到很多类似反馈。,2026-05-24 17:35:00,164,10,天猫评价,NewBrand,温和洁面乳,达人测评,达人笔记,价格价值争议
测评后感觉，NewBrand这次活动力度一般，赠品多但主品价格没有太大优势。希望品牌给个明确说明。我是油敏皮，大促囤货，空瓶半瓶后，客服回复会直接影响我是否复购。,2026-05-28 13:28:00,26,3,B站,NewBrand,屏障修护面霜,新品上市,短视频评论,中性观察
姐妹们，活动价还可以，套装搭配合理，适合第一次尝试这个系列。还会继续观察。我是油敏皮，直播间入手，连续用了3天，这个点对敏感肌很关键。,2026-05-31 20:34:00,32,7,天猫评价,竞品B,光感修护精华液,敏感肌种草,用户评论,正向口碑
姐妹们，包装设计挺好看，但更关心长期使用后的稳定性。希望品牌给个明确说明。我是正常偏干，直播间入手，连续用了3天，希望品牌补充适用人群说明。,2026-05-28 06:59:00,43,7,B站,NewBrand,屏障修护面霜,新品上市,短视频评论,中性观察
说实话，质地看着高级，上脸却搓泥，后续上妆完全不服帖，踩雷。还会继续观察。我是混油皮，直播间入手，连续用了3天，希望品牌补充适用人群说明。,2026-05-25 23:49:00,22,51,天猫评价,竞品C,屏障修护面霜,新品上市,话题讨论,售后体验不满
竞品最近也在推类似概念，想看更真实的横评对比。希望品牌给个明确说明。我是沙漠干皮，旗舰店买的，空瓶半瓶后，客服回复会直接影响我是否复购。,2026-05-31 18:16:00,50,2,抖音,竞品C,舒缓保湿面膜,618大促,达人笔记,中性观察
姐妹们，成分表看起来偏修护，敏感肌最好先做局部测试。不建议盲买。我是外油内干，旗舰店买的，用了1周，和同价位竞品对比差异明显。,2026-05-29 14:36:00,46,10,微博,NewBrand,光感修护精华液,敏感肌种草,话题讨论,中性观察
用了几天，用了早C晚A精华套装之后脸颊刺痛泛红，严重辣脸，第二天还起了小疹子。我是油敏皮，旗舰店买的，空瓶半瓶后，后续上妆状态变化很大。,2026-05-30 05:59:00,233,25,小红书,竞品A,早C晚A精华套装,敏感肌种草,电商评价,价格价值争议
说实话，这次早C晚A精华套装真的好用，质地清爽不黏，早上上妆也不搓泥，已经准备回购。还会继续观察。我是混油皮，旗舰店买的，刚上脸10分钟，这个点对敏感肌很关键。,2026-05-30 06:23:00,60,9,抖音,竞品C,早C晚A精华套装,新品上市,用户评论,正向口碑
说实话，温和洁面乳肤感还可以，但功效需要再观察，暂时没有特别惊喜。还会继续观察。我是干敏皮，朋友推荐后购买，用了1周，大促期间看到很多类似反馈。,2026-05-28 11:52:00,32,3,微博,NewBrand,温和洁面乳,敏感肌种草,短视频评论,中性观察
保湿和提亮都比较自然，不是那种立刻假白的效果。我是混油皮，大促囤货，连续用了3天，后续上妆状态变化很大。,2026-05-24 15:14:00,88,3,B站,NewBrand,舒缓保湿面膜,达人测评,电商评价,正向口碑
达人笔记全在夸，评论区却很多人说刺激，品牌是不是控评了。不建议盲买。我是沙漠干皮，大促囤货，空瓶半瓶后，鼻翼和脸颊反应最明显。,2026-05-25 13:02:00,47,7,B站,NewBrand,屏障修护面霜,618大促,达人笔记,产品质量风险
说实话，竞品最近也在推类似概念，想看更真实的横评对比。还会继续观察。我是外油内干，直播间入手，空瓶半瓶后，后续上妆状态变化很大。,2026-05-29 21:43:00,21,9,天猫评价,NewBrand,温和洁面乳,夏季修护专题,话题讨论,中性观察
测评后感觉，客服回复速度还行，但对过敏问题的解释比较模板化。还会继续观察。我是油敏皮，旗舰店买的，早晚用了4天，后续上妆状态变化很大。,2026-05-27 11:52:00,26,1,天猫评价,竞品B,屏障修护面霜,618大促,电商评价,中性观察
姐妹们，客服回复速度还行，但对过敏问题的解释比较模板化。我是正常偏干，小样试用后入正装，连续用了3天，大促期间看到很多类似反馈。,2026-05-31 16:22:00,81,10,抖音,竞品B,早C晚A精华套装,夏季修护专题,话题讨论,中性观察
用了几天，竞品A这次活动力度一般，赠品多但主品价格没有太大优势。还会继续观察。我是油敏皮，朋友推荐后购买，刚上脸10分钟，鼻翼和脸颊反应最明显。,2026-06-01 00:07:00,2,1,B站,竞品A,舒缓保湿面膜,新品上市,话题讨论,中性观察
连续用了一周，早C晚A精华套装对换季干燥有改善，修护感很明显。还会继续观察。我是痘肌，大促囤货，用了2次，评论区反馈分化很明显。,2026-05-31 15:23:00,65,4,抖音,NewBrand,早C晚A精华套装,敏感肌种草,话题讨论,正向口碑
用了几天，这次光感修护精华液真的好用，质地清爽不黏，早上上妆也不搓泥，已经准备回购。大家怎么看？我是油敏皮，朋友推荐后购买，连续用了3天，大促期间看到很多类似反馈。,2026-05-31 08:51:00,62,6,抖音,NewBrand,光感修护精华液,夏季修护专题,短视频评论,正向口碑
姐妹们，竞品A这次活动力度一般，赠品多但主品价格没有太大优势。希望品牌给个明确说明。我是外油内干，大促囤货，刚上脸10分钟，后续上妆状态变化很大。,2026-05-30 06:05:00,32,15,微博,竞品A,光感修护精华液,618大促,达人笔记,中性观察
买的套装里小样快过期，包装还压坏了，活动体验很糟糕。还会继续观察。我是干敏皮，朋友推荐后购买，连续用了3天，评论区反馈分化很明显。,2026-05-29 07:28:00,98,34,抖音,NewBrand,舒缓保湿面膜,夏季修护专题,电商评价,广告承诺争议
用了几天，看到很多人反馈刺痛，也有人说好用，感觉和肤质关系很大。不建议盲买。我是正常偏干，小样试用后入正装，空瓶半瓶后，希望品牌补充适用人群说明。,2026-05-31 20:14:00,54,2,微博,NewBrand,光感修护精华液,夏季修护专题,达人笔记,中性观察
用了几天，活动价还可以，套装搭配合理，适合第一次尝试这个系列。还会继续观察。我是痘肌，小样试用后入正装，刚上脸10分钟，希望品牌补充适用人群说明。,2026-05-29 07:04:00,41,1,抖音,竞品B,舒缓保湿面膜,达人测评,用户评论,正向口碑
用了几天，NewBrand这波新品包装和肤感都比以前细腻，吸收快，味道也克制。我是沙漠干皮，小样试用后入正装，空瓶半瓶后，和同价位竞品对比差异明显。,2026-05-25 04:36:00,193,2,微博,NewBrand,屏障修护面霜,新品上市,用户评论,正向口碑
价格比竞品贵一截，但效果没有宣传那么夸张，感觉被种草文骗了。我是沙漠干皮，大促囤货，用了2次，鼻翼和脸颊反应最明显。,2026-05-29 05:04:00,108,4,京东评价,NewBrand,舒缓保湿面膜,新品上市,话题讨论,价格价值争议
用了几天，用了光感修护精华液之后脸颊刺痛泛红，严重辣脸，第二天还起了小疹子。还会继续观察。我是油敏皮，大促囤货，用了2次，这个点对敏感肌很关键。,2026-05-24 13:51:00,129,41,微博,竞品B,光感修护精华液,达人测评,短视频评论,产品质量风险
用了几天，保湿和提亮都比较自然，不是那种立刻假白的效果。我是屏障受损肌，小样试用后入正装，用了1周，评论区反馈分化很明显。,2026-05-27 07:44:00,63,6,微博,竞品C,早C晚A精华套装,夏季修护专题,达人笔记,正向口碑
测评后感觉，买的套装里小样快过期，包装还压坏了，活动体验很糟糕。还会继续观察。我是屏障受损肌，大促囤货，空瓶半瓶后，评论区反馈分化很明显。,2026-05-31 13:26:00,54,12,抖音,竞品B,舒缓保湿面膜,敏感肌种草,话题讨论,达人内容质疑
测评后感觉，看到很多人反馈刺痛，也有人说好用，感觉和肤质关系很大。我是外油内干，小样试用后入正装，用了1周，客服回复会直接影响我是否复购。,2026-05-25 18:44:00,27,11,微博,NewBrand,光感修护精华液,618大促,电商评价,中性观察
用了几天，竞品最近也在推类似概念，想看更真实的横评对比。我是油敏皮，小样试用后入正装，用了1周，评论区反馈分化很明显。,2026-05-26 14:38:00,67,5,京东评价,竞品B,早C晚A精华套装,达人测评,电商评价,中性观察
用了几天，保湿和提亮都比较自然，不是那种立刻假白的效果。还会继续观察。我是干敏皮，直播间入手，早晚用了4天，客服回复会直接影响我是否复购。,2026-05-25 13:37:00,58,1,抖音,竞品A,光感修护精华液,618大促,电商评价,正向口碑
测评后感觉，买的套装里小样快过期，包装还压坏了，活动体验很糟糕。大家怎么看？我是外油内干，朋友推荐后购买，用了2次，后续上妆状态变化很大。,2026-05-27 08:14:00,50,9,小红书,NewBrand,舒缓保湿面膜,618大促,话题讨论,售后体验不满
姐妹们，光感修护精华液肤感还可以，但功效需要再观察，暂时没有特别惊喜。大家怎么看？我是屏障受损肌，小样试用后入正装，刚上脸10分钟，大促期间看到很多类似反馈。,2026-05-28 00:38:00,6,5,B站,NewBrand,光感修护精华液,敏感肌种草,用户评论,中性观察
质地看着高级，上脸却搓泥，后续上妆完全不服帖，踩雷。不建议盲买。我是混油皮，小样试用后入正装，用了1周，客服回复会直接影响我是否复购。,2026-05-31 08:23:00,235,25,微博,竞品B,温和洁面乳,达人测评,话题讨论,售后体验不满
用了几天，NewBrand广告说温和修护，但我用完明显过敏，这种宣传太离谱。不建议盲买。我是干敏皮，小样试用后入正装，空瓶半瓶后，大促期间看到很多类似反馈。,2026-05-29 22:24:00,143,15,B站,NewBrand,屏障修护面霜,新品上市,短视频评论,广告承诺争议
姐妹们，竞品最近也在推类似概念，想看更真实的横评对比。还会继续观察。我是油敏皮，小样试用后入正装，刚上脸10分钟，评论区反馈分化很明显。,2026-05-27 03:58:00,2,18,微博,竞品B,早C晚A精华套装,新品上市,电商评价,中性观察
用了几天，保湿和提亮都比较自然，不是那种立刻假白的效果。大家怎么看？我是混油皮，直播间入手，空瓶半瓶后，和同价位竞品对比差异明显。,2026-05-26 17:10:00,34,5,抖音,NewBrand,温和洁面乳,达人测评,达人笔记,正向口碑
测评后感觉，NewBrand这次活动力度一般，赠品多但主品价格没有太大优势。大家怎么看？我是沙漠干皮，直播间入手，刚上脸10分钟，评论区反馈分化很明显。,2026-05-26 09:39:00,61,7,京东评价,NewBrand,早C晚A精华套装,夏季修护专题,短视频评论,中性观察
温和洁面乳肤感还可以，但功效需要再观察，暂时没有特别惊喜。希望品牌给个明确说明。我是痘肌，朋友推荐后购买，连续用了3天，客服回复会直接影响我是否复购。,2026-05-30 16:06:00,101,9,微博,竞品B,温和洁面乳,夏季修护专题,短视频评论,中性观察
活动价还可以，套装搭配合理，适合第一次尝试这个系列。我是沙漠干皮，旗舰店买的，早晚用了4天，希望品牌补充适用人群说明。,2026-05-31 07:18:00,92,7,天猫评价,竞品B,早C晚A精华套装,618大促,达人笔记,正向口碑
姐妹们，活动价还可以，套装搭配合理，适合第一次尝试这个系列。不建议盲买。我是屏障受损肌，达人链接下单，用了2次，大促期间看到很多类似反馈。,2026-05-25 06:02:00,5,17,京东评价,NewBrand,舒缓保湿面膜,夏季修护专题,达人笔记,正向口碑
包装设计挺好看，但更关心长期使用后的稳定性。不建议盲买。我是沙漠干皮，大促囤货，空瓶半瓶后，和同价位竞品对比差异明显。,2026-05-26 19:56:00,42,2,小红书,NewBrand,屏障修护面霜,敏感肌种草,达人笔记,中性观察
达人测评没有夸张，实际使用确实温和，油皮也能接受。希望品牌给个明确说明。我是外油内干，大促囤货，早晚用了4天，客服回复会直接影响我是否复购。,2026-06-01 05:42:00,61,5,微博,NewBrand,光感修护精华液,达人测评,话题讨论,正向口碑
保湿和提亮都比较自然，不是那种立刻假白的效果。希望品牌给个明确说明。我是外油内干，小样试用后入正装，刚上脸10分钟，鼻翼和脸颊反应最明显。,2026-05-25 23:27:00,9,1,微博,NewBrand,屏障修护面霜,敏感肌种草,话题讨论,正向口碑
说实话，客服解释成分很专业，售后响应也快，这点比竞品体验好。大家怎么看？我是油敏皮，小样试用后入正装，用了1周，这个点对敏感肌很关键。,2026-05-31 07:57:00,21,0,天猫评价,NewBrand,早C晚A精华套装,达人测评,短视频评论,正向口碑
保湿和提亮都比较自然，不是那种立刻假白的效果。我是混油皮，旗舰店买的，用了2次，这个点对敏感肌很关键。,2026-05-28 18:32:00,112,16,微博,竞品A,温和洁面乳,618大促,达人笔记,正向口碑
用了几天，连续用了一周，早C晚A精华套装对换季干燥有改善，修护感很明显。还会继续观察。我是干敏皮，达人链接下单，早晚用了4天，希望品牌补充适用人群说明。,2026-05-26 21:24:00,46,6,京东评价,竞品A,早C晚A精华套装,夏季修护专题,电商评价,正向口碑
说实话，看到很多人反馈刺痛，也有人说好用，感觉和肤质关系很大。还会继续观察。我是混油皮，小样试用后入正装，刚上脸10分钟，希望品牌补充适用人群说明。,2026-05-26 11:35:00,105,4,小红书,NewBrand,光感修护精华液,达人测评,用户评论,中性观察
用了几天，活动价还可以，套装搭配合理，适合第一次尝试这个系列。还会继续观察。我是正常偏干，直播间入手，刚上脸10分钟，客服回复会直接影响我是否复购。,2026-05-31 19:10:00,121,21,B站,NewBrand,舒缓保湿面膜,618大促,达人笔记,正向口碑
用了几天，竞品最近也在推类似概念，想看更真实的横评对比。希望品牌给个明确说明。我是混油皮，小样试用后入正装，连续用了3天，和同价位竞品对比差异明显。,2026-05-25 15:15:00,80,3,天猫评价,NewBrand,屏障修护面霜,达人测评,达人笔记,中性观察
说实话，质地看着高级，上脸却搓泥，后续上妆完全不服帖，踩雷。不建议盲买。我是干敏皮，朋友推荐后购买，空瓶半瓶后，大促期间看到很多类似反馈。,2026-05-24 13:45:00,234,32,微博,NewBrand,屏障修护面霜,新品上市,达人笔记,产品质量风险
连续用了一周，屏障修护面霜对换季干燥有改善，修护感很明显。大家怎么看？我是痘肌，直播间入手，用了2次，评论区反馈分化很明显。,2026-05-25 10:01:00,30,10,微博,NewBrand,屏障修护面霜,夏季修护专题,达人笔记,正向口碑
测评后感觉，NewBrand这波新品包装和肤感都比以前细腻，吸收快，味道也克制。大家怎么看？我是油敏皮，达人链接下单，用了1周，这个点对敏感肌很关键。,2026-05-24 18:06:00,81,2,小红书,NewBrand,屏障修护面霜,达人测评,达人笔记,正向口碑
说实话，达人笔记全在夸，评论区却很多人说刺激，品牌是不是控评了。我是沙漠干皮，直播间入手，刚上脸10分钟，大促期间看到很多类似反馈。,2026-05-24 12:50:00,213,22,京东评价,竞品A,舒缓保湿面膜,敏感肌种草,用户评论,售后体验不满
用了几天，客服一直让我再观察，没有给明确处理方案，售后体验真的差。大家怎么看？我是痘肌，旗舰店买的，早晚用了4天，和同价位竞品对比差异明显。,2026-05-31 14:30:00,179,24,抖音,竞品A,温和洁面乳,夏季修护专题,短视频评论,达人内容质疑
姐妹们，买的套装里小样快过期，包装还压坏了，活动体验很糟糕。大家怎么看？我是痘肌，小样试用后入正装，空瓶半瓶后，鼻翼和脸颊反应最明显。,2026-05-31 10:05:00,48,23,抖音,竞品A,温和洁面乳,夏季修护专题,话题讨论,价格价值争议
说实话，价格比竞品贵一截，但效果没有宣传那么夸张，感觉被种草文骗了。还会继续观察。我是正常偏干，大促囤货，空瓶半瓶后，鼻翼和脸颊反应最明显。,2026-06-01 00:29:00,100,21,B站,NewBrand,早C晚A精华套装,新品上市,用户评论,达人内容质疑
姐妹们，如果后续能补充第三方检测和适用人群说明，会更放心。大家怎么看？我是屏障受损肌，达人链接下单，刚上脸10分钟，这个点对敏感肌很关键。,2026-05-28 01:58:00,68,0,京东评价,竞品C,早C晚A精华套装,新品上市,话题讨论,中性观察
连续用了一周，舒缓保湿面膜对换季干燥有改善，修护感很明显。大家怎么看？我是屏障受损肌，大促囤货，用了1周，大促期间看到很多类似反馈。,2026-05-28 18:38:00,7,15,抖音,竞品A,舒缓保湿面膜,达人测评,话题讨论,正向口碑
说实话，买的套装里小样快过期，包装还压坏了，活动体验很糟糕。希望品牌给个明确说明。我是混油皮，朋友推荐后购买，刚上脸10分钟，后续上妆状态变化很大。,2026-05-25 20:34:00,131,13,天猫评价,竞品A,屏障修护面霜,夏季修护专题,电商评价,价格价值争议
说实话，客服回复速度还行，但对过敏问题的解释比较模板化。不建议盲买。我是沙漠干皮，旗舰店买的，用了2次，鼻翼和脸颊反应最明显。,2026-05-29 09:49:00,7,7,天猫评价,NewBrand,屏障修护面霜,新品上市,话题讨论,中性观察
用了几天，竞品C这次活动力度一般，赠品多但主品价格没有太大优势。希望品牌给个明确说明。我是正常偏干，旗舰店买的，连续用了3天，评论区反馈分化很明显。,2026-05-26 15:19:00,123,0,小红书,竞品C,早C晚A精华套装,敏感肌种草,短视频评论,中性观察
说实话，达人笔记全在夸，评论区却很多人说刺激，品牌是不是控评了。我是外油内干，直播间入手，早晚用了4天，评论区反馈分化很明显。,2026-06-01 08:48:00,75,26,抖音,竞品B,温和洁面乳,达人测评,电商评价,达人内容质疑
姐妹们，NewBrand广告说温和修护，但我用完明显过敏，这种宣传太离谱。我是沙漠干皮，小样试用后入正装，早晚用了4天，和同价位竞品对比差异明显。,2026-05-30 09:28:00,48,40,抖音,NewBrand,光感修护精华液,敏感肌种草,达人笔记,售后体验不满
活动价还可以，套装搭配合理，适合第一次尝试这个系列。还会继续观察。我是正常偏干，朋友推荐后购买，用了1周，后续上妆状态变化很大。,2026-05-31 18:51:00,42,6,微博,NewBrand,温和洁面乳,达人测评,达人笔记,正向口碑
成分表看起来偏修护，敏感肌最好先做局部测试。还会继续观察。我是干敏皮，旗舰店买的，用了1周，希望品牌补充适用人群说明。,2026-05-28 20:54:00,21,3,微博,竞品C,早C晚A精华套装,618大促,短视频评论,中性观察
竞品B广告说温和修护，但我用完明显过敏，这种宣传太离谱。不建议盲买。我是痘肌，大促囤货，用了1周，大促期间看到很多类似反馈。,2026-05-29 10:07:00,187,6,天猫评价,竞品B,温和洁面乳,618大促,话题讨论,售后体验不满
说实话，用了三天爆痘，停用后才慢慢好，不敢继续用了。希望品牌给个明确说明。我是屏障受损肌，朋友推荐后购买，用了1周，后续上妆状态变化很大。,2026-05-29 07:55:00,40,58,小红书,竞品C,光感修护精华液,618大促,短视频评论,达人内容质疑
姐妹们，活动价还可以，套装搭配合理，适合第一次尝试这个系列。还会继续观察。我是干敏皮，小样试用后入正装，用了1周，鼻翼和脸颊反应最明显。,2026-06-01 05:43:00,110,3,京东评价,NewBrand,光感修护精华液,敏感肌种草,用户评论,正向口碑
测评后感觉，客服回复速度还行，但对过敏问题的解释比较模板化。希望品牌给个明确说明。我是屏障受损肌，朋友推荐后购买，用了1周，后续上妆状态变化很大。,2026-05-29 03:55:00,34,27,微博,NewBrand,温和洁面乳,618大促,电商评价,中性观察
说实话，买的套装里小样快过期，包装还压坏了，活动体验很糟糕。不建议盲买。我是外油内干，直播间入手，空瓶半瓶后，评论区反馈分化很明显。,2026-05-26 06:28:00,57,9,天猫评价,NewBrand,舒缓保湿面膜,夏季修护专题,达人笔记,广告承诺争议
测评后感觉，客服一直让我再观察，没有给明确处理方案，售后体验真的差。大家怎么看？我是屏障受损肌，旗舰店买的，空瓶半瓶后，大促期间看到很多类似反馈。,2026-05-31 15:20:00,105,13,B站,竞品A,温和洁面乳,新品上市,话题讨论,广告承诺争议
看到好几个姐妹说NewBrand这支精华液辣脸，我也是同样刺痛，广告里一直讲温和修护，这算不算虚假宣传？,2026-05-31 09:28:00,1240,318,小红书,NewBrand,光感修护精华液,618大促,用户评论,广告承诺争议
客服解释成分很专业，售后响应也快，这点比竞品体验好。还会继续观察。我是油敏皮，小样试用后入正装，用了1周，希望品牌补充适用人群说明。,2026-05-30 07:10:00,48,4,抖音,NewBrand,温和洁面乳,618大促,达人笔记,正向口碑
用了几天，客服回复速度还行，但对过敏问题的解释比较模板化。大家怎么看？我是正常偏干，大促囤货，用了2次，大促期间看到很多类似反馈。,2026-05-28 16:35:00,62,3,B站,竞品A,早C晚A精华套装,新品上市,用户评论,中性观察
说实话，客服一直让我再观察，没有给明确处理方案，售后体验真的差。希望品牌给个明确说明。我是外油内干，直播间入手，空瓶半瓶后，大促期间看到很多类似反馈。,2026-05-31 17:47:00,88,80,B站,NewBrand,舒缓保湿面膜,618大促,电商评价,达人内容质疑
测评后感觉，NewBrand这波新品包装和肤感都比以前细腻，吸收快，味道也克制。希望品牌给个明确说明。我是混油皮，达人链接下单，用了1周，鼻翼和脸颊反应最明显。,2026-06-01 06:20:00,101,1,天猫评价,NewBrand,舒缓保湿面膜,敏感肌种草,电商评价,正向口碑
竞品B这次活动力度一般，赠品多但主品价格没有太大优势。我是正常偏干，旗舰店买的，用了1周，这个点对敏感肌很关键。,2026-05-25 06:12:00,1,7,微博,竞品B,屏障修护面霜,敏感肌种草,话题讨论,中性观察
竞品B这次活动力度一般，赠品多但主品价格没有太大优势。希望品牌给个明确说明。我是屏障受损肌，达人链接下单，用了1周，和同价位竞品对比差异明显。,2026-05-29 16:36:00,27,6,微博,竞品B,舒缓保湿面膜,达人测评,达人笔记,中性观察
竞品C这次活动力度一般，赠品多但主品价格没有太大优势。不建议盲买。我是正常偏干，小样试用后入正装，空瓶半瓶后，客服回复会直接影响我是否复购。,2026-05-28 05:20:00,82,24,天猫评价,竞品C,温和洁面乳,达人测评,达人笔记,中性观察
包装设计挺好看，但更关心长期使用后的稳定性。希望品牌给个明确说明。我是痘肌，小样试用后入正装，空瓶半瓶后，大促期间看到很多类似反馈。,2026-05-26 14:10:00,74,6,抖音,NewBrand,舒缓保湿面膜,达人测评,达人笔记,中性观察
测评后感觉，如果后续能补充第三方检测和适用人群说明，会更放心。我是油敏皮，旗舰店买的，空瓶半瓶后，这个点对敏感肌很关键。,2026-05-29 22:41:00,51,1,微博,NewBrand,光感修护精华液,新品上市,短视频评论,中性观察
用了几天，包装设计挺好看，但更关心长期使用后的稳定性。我是油敏皮，朋友推荐后购买，用了2次，鼻翼和脸颊反应最明显。,2026-05-27 01:53:00,56,0,抖音,竞品B,舒缓保湿面膜,夏季修护专题,达人笔记,中性观察
测评后感觉，这次屏障修护面霜真的好用，质地清爽不黏，早上上妆也不搓泥，已经准备回购。不建议盲买。我是正常偏干，达人链接下单，用了2次，评论区反馈分化很明显。,2026-06-01 07:21:00,67,1,微博,竞品A,屏障修护面霜,夏季修护专题,用户评论,正向口碑
测评后感觉，活动价还可以，套装搭配合理，适合第一次尝试这个系列。大家怎么看？我是混油皮，朋友推荐后购买，早晚用了4天，评论区反馈分化很明显。,2026-05-26 08:10:00,40,3,抖音,NewBrand,温和洁面乳,新品上市,达人笔记,正向口碑
姐妹们，买的套装里小样快过期，包装还压坏了，活动体验很糟糕。不建议盲买。我是正常偏干，旗舰店买的，用了1周，这个点对敏感肌很关键。,2026-05-28 07:53:00,21,26,小红书,NewBrand,早C晚A精华套装,618大促,短视频评论,产品质量风险
姐妹们，保湿和提亮都比较自然，不是那种立刻假白的效果。还会继续观察。我是混油皮，大促囤货，连续用了3天，后续上妆状态变化很大。,2026-05-28 19:15:00,112,13,天猫评价,NewBrand,舒缓保湿面膜,618大促,用户评论,正向口碑
说实话，温和洁面乳肤感还可以，但功效需要再观察，暂时没有特别惊喜。大家怎么看？我是痘肌，大促囤货，刚上脸10分钟，大促期间看到很多类似反馈。,2026-06-01 01:39:00,22,8,京东评价,NewBrand,温和洁面乳,618大促,话题讨论,中性观察
姐妹们，看到很多人反馈刺痛，也有人说好用，感觉和肤质关系很大。我是正常偏干，旗舰店买的，连续用了3天，大促期间看到很多类似反馈。,2026-05-24 20:39:00,55,4,B站,竞品B,舒缓保湿面膜,夏季修护专题,达人笔记,中性观察
客服回复速度还行，但对过敏问题的解释比较模板化。不建议盲买。我是外油内干，大促囤货，刚上脸10分钟，希望品牌补充适用人群说明。,2026-05-26 19:21:00,40,2,抖音,竞品A,舒缓保湿面膜,敏感肌种草,短视频评论,中性观察
说实话，客服解释成分很专业，售后响应也快，这点比竞品体验好。还会继续观察。我是沙漠干皮，旗舰店买的，早晚用了4天，客服回复会直接影响我是否复购。,2026-05-28 06:42:00,24,13,微博,NewBrand,屏障修护面霜,达人测评,话题讨论,正向口碑
测评后感觉，价格比竞品贵一截，但效果没有宣传那么夸张，感觉被种草文骗了。希望品牌给个明确说明。我是外油内干，达人链接下单，连续用了3天，大促期间看到很多类似反馈。,2026-05-24 19:13:00,86,33,微博,NewBrand,早C晚A精华套装,敏感肌种草,达人笔记,达人内容质疑
姐妹们，达人笔记全在夸，评论区却很多人说刺激，品牌是不是控评了。大家怎么看？我是油敏皮，达人链接下单，用了2次，后续上妆状态变化很大。,2026-05-31 21:29:00,67,37,B站,NewBrand,光感修护精华液,达人测评,用户评论,达人内容质疑
用了几天，活动价还可以，套装搭配合理，适合第一次尝试这个系列。我是痘肌，旗舰店买的，空瓶半瓶后，评论区反馈分化很明显。,2026-05-27 21:01:00,35,5,小红书,NewBrand,温和洁面乳,敏感肌种草,话题讨论,正向口碑
测评后感觉，NewBrand这次活动力度一般，赠品多但主品价格没有太大优势。还会继续观察。我是混油皮，直播间入手，连续用了3天，和同价位竞品对比差异明显。,2026-05-26 08:58:00,26,8,B站,NewBrand,早C晚A精华套装,敏感肌种草,用户评论,中性观察
用了几天，包装设计挺好看，但更关心长期使用后的稳定性。不建议盲买。我是痘肌，达人链接下单，连续用了3天，评论区反馈分化很明显。,2026-05-25 12:47:00,33,0,京东评价,NewBrand,早C晚A精华套装,夏季修护专题,短视频评论,中性观察
本来冲着敏感肌可用买的，结果用完泛红爆痘，618还在大推这个精华，建议品牌先把问题解释清楚。,2026-05-31 09:46:00,920,214,微博,NewBrand,光感修护精华液,618大促,话题讨论,大促风控
价格比竞品贵一截，但效果没有宣传那么夸张，感觉被种草文骗了。希望品牌给个明确说明。我是屏障受损肌，达人链接下单，用了1周，鼻翼和脸颊反应最明显。,2026-05-26 00:44:00,15,47,抖音,NewBrand,舒缓保湿面膜,618大促,达人笔记,达人内容质疑
姐妹们，NewBrand广告说温和修护，但我用完明显过敏，这种宣传太离谱。不建议盲买。我是干敏皮，旗舰店买的，空瓶半瓶后，这个点对敏感肌很关键。,2026-05-31 13:21:00,73,7,微博,NewBrand,舒缓保湿面膜,618大促,达人笔记,广告承诺争议
保湿和提亮都比较自然，不是那种立刻假白的效果。我是干敏皮，朋友推荐后购买，用了2次，希望品牌补充适用人群说明。,2026-05-26 20:17:00,30,11,天猫评价,NewBrand,光感修护精华液,新品上市,用户评论,正向口碑
说实话，价格比竞品贵一截，但效果没有宣传那么夸张，感觉被种草文骗了。希望品牌给个明确说明。我是正常偏干，大促囤货，空瓶半瓶后，这个点对敏感肌很关键。,2026-05-30 04:59:00,277,25,天猫评价,NewBrand,舒缓保湿面膜,新品上市,短视频评论,广告承诺争议
测评后感觉，客服一直让我再观察，没有给明确处理方案，售后体验真的差。不建议盲买。我是混油皮，旗舰店买的，空瓶半瓶后，客服回复会直接影响我是否复购。,2026-05-30 11:53:00,119,18,京东评价,NewBrand,早C晚A精华套装,618大促,达人笔记,价格价值争议
NewBrand广告说温和修护，但我用完明显过敏，这种宣传太离谱。不建议盲买。我是痘肌，朋友推荐后购买，连续用了3天，和同价位竞品对比差异明显。,2026-05-28 18:02:00,139,16,抖音,NewBrand,屏障修护面霜,敏感肌种草,电商评价,达人内容质疑
说实话，客服解释成分很专业，售后响应也快，这点比竞品体验好。不建议盲买。我是外油内干，达人链接下单，早晚用了4天，评论区反馈分化很明显。,2026-05-29 05:55:00,78,2,微博,NewBrand,屏障修护面霜,新品上市,用户评论,正向口碑
用了几天，客服解释成分很专业，售后响应也快，这点比竞品体验好。我是外油内干，大促囤货，连续用了3天，鼻翼和脸颊反应最明显。,2026-06-01 01:33:00,100,3,天猫评价,竞品C,光感修护精华液,夏季修护专题,电商评价,正向口碑
姐妹们，看到很多人反馈刺痛，也有人说好用，感觉和肤质关系很大。不建议盲买。我是正常偏干，达人链接下单，用了1周，希望品牌补充适用人群说明。,2026-05-24 09:40:00,89,3,B站,NewBrand,温和洁面乳,新品上市,用户评论,中性观察
NewBrand广告说温和修护，但我用完明显过敏，这种宣传太离谱。希望品牌给个明确说明。我是屏障受损肌，小样试用后入正装，用了1周，希望品牌补充适用人群说明。,2026-05-29 08:20:00,137,16,京东评价,NewBrand,早C晚A精华套装,夏季修护专题,达人笔记,达人内容质疑
用了几天，敏感肌用光感修护精华液很安心，泛红稳定下来，保湿感也不错。我是痘肌，大促囤货，用了1周，大促期间看到很多类似反馈。,2026-05-27 09:47:00,59,19,京东评价,NewBrand,光感修护精华液,敏感肌种草,话题讨论,正向口碑
用了三天爆痘，停用后才慢慢好，不敢继续用了。还会继续观察。我是外油内干，直播间入手，用了2次，客服回复会直接影响我是否复购。,2026-05-29 17:01:00,168,4,小红书,竞品A,屏障修护面霜,新品上市,电商评价,价格价值争议
姐妹们，用了光感修护精华液之后脸颊刺痛泛红，严重辣脸，第二天还起了小疹子。还会继续观察。我是沙漠干皮，小样试用后入正装，连续用了3天，客服回复会直接影响我是否复购。,2026-05-26 13:08:00,106,18,京东评价,NewBrand,光感修护精华液,夏季修护专题,达人笔记,达人内容质疑
姐妹们，NewBrand这波新品包装和肤感都比以前细腻，吸收快，味道也克制。我是干敏皮，大促囤货，用了1周，和同价位竞品对比差异明显。,2026-06-01 01:04:00,55,7,微博,NewBrand,光感修护精华液,夏季修护专题,电商评价,正向口碑
姐妹们，NewBrand广告说温和修护，但我用完明显过敏，这种宣传太离谱。希望品牌给个明确说明。我是外油内干，直播间入手，空瓶半瓶后，客服回复会直接影响我是否复购。,2026-05-24 14:50:00,85,21,抖音,NewBrand,屏障修护面霜,敏感肌种草,话题讨论,广告承诺争议
说实话，这次舒缓保湿面膜真的好用，质地清爽不黏，早上上妆也不搓泥，已经准备回购。我是沙漠干皮，朋友推荐后购买，连续用了3天，和同价位竞品对比差异明显。,2026-05-26 23:36:00,53,20,京东评价,NewBrand,舒缓保湿面膜,敏感肌种草,话题讨论,正向口碑
说实话，NewBrand这次活动力度一般，赠品多但主品价格没有太大优势。还会继续观察。我是混油皮，达人链接下单，早晚用了4天，后续上妆状态变化很大。,2026-05-31 19:47:00,129,41,京东评价,NewBrand,温和洁面乳,敏感肌种草,用户评论,中性观察
用了几天，竞品B广告说温和修护，但我用完明显过敏，这种宣传太离谱。希望品牌给个明确说明。我是屏障受损肌，达人链接下单，连续用了3天，希望品牌补充适用人群说明。,2026-05-30 00:43:00,104,43,京东评价,竞品B,屏障修护面霜,618大促,用户评论,产品质量风险
姐妹们，价格比竞品贵一截，但效果没有宣传那么夸张，感觉被种草文骗了。我是混油皮，大促囤货，早晚用了4天，希望品牌补充适用人群说明。,2026-05-28 17:24:00,69,21,B站,竞品C,屏障修护面霜,618大促,达人笔记,售后体验不满
姐妹们，质地看着高级，上脸却搓泥，后续上妆完全不服帖，踩雷。大家怎么看？我是正常偏干，达人链接下单，早晚用了4天，客服回复会直接影响我是否复购。,2026-05-27 13:39:00,50,15,京东评价,竞品B,舒缓保湿面膜,夏季修护专题,短视频评论,产品质量风险
用了几天，买的套装里小样快过期，包装还压坏了，活动体验很糟糕。不建议盲买。我是沙漠干皮，旗舰店买的，用了2次，这个点对敏感肌很关键。,2026-05-30 10:23:00,58,20,小红书,NewBrand,舒缓保湿面膜,达人测评,短视频评论,达人内容质疑
敏感肌用温和洁面乳很安心，泛红稳定下来，保湿感也不错。我是混油皮，小样试用后入正装，用了2次，鼻翼和脸颊反应最明显。,2026-05-29 09:48:00,21,5,小红书,NewBrand,温和洁面乳,新品上市,电商评价,正向口碑
说实话，用了三天爆痘，停用后才慢慢好，不敢继续用了。不建议盲买。我是混油皮，旗舰店买的，刚上脸10分钟，这个点对敏感肌很关键。,2026-05-31 13:29:00,115,16,微博,竞品B,光感修护精华液,新品上市,短视频评论,售后体验不满
用了几天，这次屏障修护面霜真的好用，质地清爽不黏，早上上妆也不搓泥，已经准备回购。希望品牌给个明确说明。我是痘肌，朋友推荐后购买，用了1周，和同价位竞品对比差异明显。,2026-05-24 18:23:00,22,11,抖音,NewBrand,屏障修护面霜,夏季修护专题,电商评价,正向口碑
测评后感觉，这次屏障修护面霜真的好用，质地清爽不黏，早上上妆也不搓泥，已经准备回购。我是干敏皮，小样试用后入正装，连续用了3天，评论区反馈分化很明显。,2026-05-27 20:47:00,75,21,小红书,竞品B,屏障修护面霜,达人测评,话题讨论,正向口碑
达人测评没有夸张，实际使用确实温和，油皮也能接受。还会继续观察。我是油敏皮，小样试用后入正装，用了1周，后续上妆状态变化很大。,2026-05-25 00:39:00,16,2,B站,竞品A,屏障修护面霜,敏感肌种草,话题讨论,正向口碑
用了几天，这次温和洁面乳真的好用，质地清爽不黏，早上上妆也不搓泥，已经准备回购。大家怎么看？我是正常偏干，小样试用后入正装，早晚用了4天，这个点对敏感肌很关键。,2026-05-30 03:02:00,34,7,B站,竞品C,温和洁面乳,618大促,话题讨论,正向口碑
用了几天，客服解释成分很专业，售后响应也快，这点比竞品体验好。大家怎么看？我是沙漠干皮，朋友推荐后购买，用了2次，评论区反馈分化很明显。,2026-05-29 17:31:00,34,7,京东评价,NewBrand,早C晚A精华套装,新品上市,短视频评论,正向口碑
用了几天，成分表看起来偏修护，敏感肌最好先做局部测试。希望品牌给个明确说明。我是干敏皮，直播间入手，早晚用了4天，鼻翼和脸颊反应最明显。,2026-05-25 04:25:00,14,1,京东评价,竞品A,屏障修护面霜,新品上市,话题讨论,中性观察
姐妹们，用了屏障修护面霜之后脸颊刺痛泛红，严重辣脸，第二天还起了小疹子。我是油敏皮，小样试用后入正装，早晚用了4天，和同价位竞品对比差异明显。,2026-05-26 16:26:00,73,19,B站,NewBrand,屏障修护面霜,新品上市,达人笔记,广告承诺争议
姐妹们，如果后续能补充第三方检测和适用人群说明，会更放心。不建议盲买。我是正常偏干，大促囤货，连续用了3天，希望品牌补充适用人群说明。,2026-05-31 11:20:00,7,3,抖音,竞品A,屏障修护面霜,达人测评,用户评论,中性观察
测评后感觉，NewBrand这次活动力度一般，赠品多但主品价格没有太大优势。希望品牌给个明确说明。我是正常偏干，小样试用后入正装，早晚用了4天，大促期间看到很多类似反馈。,2026-05-26 05:04:00,43,4,京东评价,NewBrand,舒缓保湿面膜,敏感肌种草,话题讨论,中性观察
如果后续能补充第三方检测和适用人群说明，会更放心。大家怎么看？我是外油内干，直播间入手，空瓶半瓶后，鼻翼和脸颊反应最明显。,2026-05-26 17:44:00,18,15,微博,NewBrand,屏障修护面霜,达人测评,达人笔记,中性观察
这次早C晚A精华套装真的好用，质地清爽不黏，早上上妆也不搓泥，已经准备回购。大家怎么看？我是混油皮，达人链接下单，连续用了3天，大促期间看到很多类似反馈。,2026-05-30 21:07:00,12,7,天猫评价,竞品A,早C晚A精华套装,618大促,话题讨论,正向口碑
说实话，竞品B广告说温和修护，但我用完明显过敏，这种宣传太离谱。我是干敏皮，直播间入手，空瓶半瓶后，后续上妆状态变化很大。,2026-06-01 02:42:00,15,15,天猫评价,竞品B,舒缓保湿面膜,达人测评,电商评价,产品质量风险
用了几天，活动价还可以，套装搭配合理，适合第一次尝试这个系列。希望品牌给个明确说明。我是正常偏干，朋友推荐后购买，连续用了3天，这个点对敏感肌很关键。,2026-05-25 01:00:00,123,4,小红书,NewBrand,屏障修护面霜,夏季修护专题,话题讨论,正向口碑
姐妹们，敏感肌用屏障修护面霜很安心，泛红稳定下来，保湿感也不错。大家怎么看？我是正常偏干，朋友推荐后购买，刚上脸10分钟，评论区反馈分化很明显。,2026-05-25 11:06:00,72,24,抖音,NewBrand,屏障修护面霜,敏感肌种草,达人笔记,正向口碑
用了几天，包装设计挺好看，但更关心长期使用后的稳定性。大家怎么看？我是屏障受损肌，直播间入手，刚上脸10分钟，和同价位竞品对比差异明显。,2026-05-26 12:36:00,18,2,京东评价,NewBrand,光感修护精华液,达人测评,用户评论,中性观察
姐妹们，买的套装里小样快过期，包装还压坏了，活动体验很糟糕。大家怎么看？我是正常偏干，旗舰店买的，用了2次，评论区反馈分化很明显。,2026-05-27 13:39:00,210,21,京东评价,竞品A,光感修护精华液,达人测评,话题讨论,价格价值争议
姐妹们，质地看着高级，上脸却搓泥，后续上妆完全不服帖，踩雷。希望品牌给个明确说明。我是痘肌，朋友推荐后购买，刚上脸10分钟，后续上妆状态变化很大。,2026-05-24 10:36:00,54,28,抖音,NewBrand,光感修护精华液,夏季修护专题,达人笔记,价格价值争议
姐妹们，客服回复速度还行，但对过敏问题的解释比较模板化。大家怎么看？我是沙漠干皮，大促囤货，空瓶半瓶后，和同价位竞品对比差异明显。,2026-05-26 09:52:00,7,4,B站,竞品A,屏障修护面霜,达人测评,达人笔记,中性观察
看到很多人反馈刺痛，也有人说好用，感觉和肤质关系很大。不建议盲买。我是混油皮，达人链接下单，连续用了3天，后续上妆状态变化很大。,2026-05-29 10:41:00,0,1,天猫评价,竞品A,早C晚A精华套装,夏季修护专题,用户评论,中性观察
这次温和洁面乳真的好用，质地清爽不黏，早上上妆也不搓泥，已经准备回购。不建议盲买。我是屏障受损肌，朋友推荐后购买，空瓶半瓶后，鼻翼和脸颊反应最明显。,2026-05-30 16:47:00,9,17,天猫评价,NewBrand,温和洁面乳,达人测评,电商评价,正向口碑
连续用了一周，温和洁面乳对换季干燥有改善，修护感很明显。我是沙漠干皮，大促囤货，用了1周，希望品牌补充适用人群说明。,2026-05-29 13:11:00,44,18,京东评价,NewBrand,温和洁面乳,达人测评,话题讨论,正向口碑
买的套装里小样快过期，包装还压坏了，活动体验很糟糕。大家怎么看？我是干敏皮，旗舰店买的，连续用了3天，大促期间看到很多类似反馈。,2026-05-31 14:52:00,228,68,抖音,NewBrand,屏障修护面霜,达人测评,短视频评论,达人内容质疑
用了几天，这次光感修护精华液真的好用，质地清爽不黏，早上上妆也不搓泥，已经准备回购。不建议盲买。我是沙漠干皮，小样试用后入正装，用了2次，鼻翼和脸颊反应最明显。,2026-05-29 01:23:00,33,10,B站,NewBrand,光感修护精华液,达人测评,短视频评论,正向口碑
小红书用户 @美妆纠错本：NewBrand光感修护精华液用了两次就过敏辣脸，脸颊刺痛泛红，客服还让我继续观察，真的离谱。,2026-05-31 09:10:00,1850,426,小红书,NewBrand,光感修护精华液,618大促,达人笔记,产品质量风险
用了屏障修护面霜之后脸颊刺痛泛红，严重辣脸，第二天还起了小疹子。希望品牌给个明确说明。我是痘肌，直播间入手，连续用了3天，评论区反馈分化很明显。,2026-05-25 02:00:00,52,55,天猫评价,竞品B,屏障修护面霜,敏感肌种草,话题讨论,广告承诺争议
说实话，达人测评没有夸张，实际使用确实温和，油皮也能接受。我是外油内干，朋友推荐后购买，刚上脸10分钟，和同价位竞品对比差异明显。,2026-05-28 02:29:00,120,7,B站,竞品C,舒缓保湿面膜,夏季修护专题,电商评价,正向口碑
测评后感觉，达人测评没有夸张，实际使用确实温和，油皮也能接受。希望品牌给个明确说明。我是油敏皮，大促囤货，早晚用了4天，希望品牌补充适用人群说明。,2026-05-29 10:00:00,79,5,天猫评价,NewBrand,温和洁面乳,新品上市,达人笔记,正向口碑
竞品最近也在推类似概念，想看更真实的横评对比。不建议盲买。我是正常偏干，达人链接下单，空瓶半瓶后，和同价位竞品对比差异明显。,2026-05-25 11:12:00,12,0,天猫评价,NewBrand,屏障修护面霜,敏感肌种草,短视频评论,中性观察
说实话，达人笔记全在夸，评论区却很多人说刺激，品牌是不是控评了。我是屏障受损肌，达人链接下单，连续用了3天，和同价位竞品对比差异明显。,2026-05-26 22:44:00,212,25,天猫评价,竞品A,光感修护精华液,敏感肌种草,话题讨论,达人内容质疑
说实话，竞品B这波新品包装和肤感都比以前细腻，吸收快，味道也克制。大家怎么看？我是油敏皮，大促囤货，用了1周，评论区反馈分化很明显。,2026-05-29 03:27:00,116,21,天猫评价,竞品B,早C晚A精华套装,新品上市,达人笔记,正向口碑
用了几天，价格比竞品贵一截，但效果没有宣传那么夸张，感觉被种草文骗了。我是外油内干，小样试用后入正装，用了1周，评论区反馈分化很明显。,2026-05-28 23:27:00,55,15,京东评价,竞品A,屏障修护面霜,新品上市,达人笔记,达人内容质疑
姐妹们，用了屏障修护面霜之后脸颊刺痛泛红，严重辣脸，第二天还起了小疹子。希望品牌给个明确说明。我是油敏皮，朋友推荐后购买，用了1周，希望品牌补充适用人群说明。,2026-05-27 12:04:00,64,14,抖音,竞品A,屏障修护面霜,敏感肌种草,用户评论,达人内容质疑
姐妹们，买的套装里小样快过期，包装还压坏了，活动体验很糟糕。大家怎么看？我是正常偏干，小样试用后入正装，用了2次，客服回复会直接影响我是否复购。,2026-05-28 18:05:00,117,11,抖音,NewBrand,温和洁面乳,达人测评,用户评论,达人内容质疑
这次舒缓保湿面膜真的好用，质地清爽不黏，早上上妆也不搓泥，已经准备回购。不建议盲买。我是正常偏干，小样试用后入正装，用了2次，希望品牌补充适用人群说明。,2026-06-01 01:59:00,51,14,抖音,竞品C,舒缓保湿面膜,敏感肌种草,用户评论,正向口碑
姐妹们，NewBrand广告说温和修护，但我用完明显过敏，这种宣传太离谱。希望品牌给个明确说明。我是油敏皮，达人链接下单，早晚用了4天，后续上妆状态变化很大。,2026-05-30 20:29:00,295,15,京东评价,NewBrand,屏障修护面霜,618大促,短视频评论,售后体验不满
敏感肌用光感修护精华液很安心，泛红稳定下来，保湿感也不错。希望品牌给个明确说明。我是痘肌，旗舰店买的，空瓶半瓶后，和同价位竞品对比差异明显。,2026-05-26 20:32:00,29,34,京东评价,NewBrand,光感修护精华液,新品上市,达人笔记,正向口碑
说实话，保湿和提亮都比较自然，不是那种立刻假白的效果。大家怎么看？我是外油内干，小样试用后入正装，用了2次，这个点对敏感肌很关键。,2026-05-28 20:13:00,102,9,京东评价,NewBrand,舒缓保湿面膜,敏感肌种草,话题讨论,正向口碑
测评后感觉，保湿和提亮都比较自然，不是那种立刻假白的效果。我是正常偏干，大促囤货，连续用了3天，大促期间看到很多类似反馈。,2026-05-24 18:58:00,64,13,京东评价,竞品A,早C晚A精华套装,618大促,达人笔记,正向口碑
用了几天，竞品B广告说温和修护，但我用完明显过敏，这种宣传太离谱。不建议盲买。我是干敏皮，直播间入手，用了1周，评论区反馈分化很明显。,2026-05-28 02:43:00,23,0,天猫评价,竞品B,光感修护精华液,新品上市,用户评论,价格价值争议
姐妹们，客服一直让我再观察，没有给明确处理方案，售后体验真的差。不建议盲买。我是正常偏干，达人链接下单，用了1周，和同价位竞品对比差异明显。,2026-05-25 03:01:00,67,18,B站,NewBrand,屏障修护面霜,夏季修护专题,电商评价,售后体验不满
测评后感觉，用了三天爆痘，停用后才慢慢好，不敢继续用了。还会继续观察。我是正常偏干，直播间入手，用了1周，后续上妆状态变化很大。,2026-05-29 21:45:00,203,45,微博,NewBrand,屏障修护面霜,618大促,话题讨论,售后体验不满
质地看着高级，上脸却搓泥，后续上妆完全不服帖，踩雷。大家怎么看？我是正常偏干，朋友推荐后购买，刚上脸10分钟，鼻翼和脸颊反应最明显。,2026-05-30 12:14:00,43,28,抖音,NewBrand,舒缓保湿面膜,夏季修护专题,用户评论,广告承诺争议
用了几天，连续用了一周，早C晚A精华套装对换季干燥有改善，修护感很明显。我是混油皮，达人链接下单，连续用了3天，鼻翼和脸颊反应最明显。,2026-05-29 21:14:00,43,12,抖音,竞品A,早C晚A精华套装,敏感肌种草,话题讨论,正向口碑
客服解释成分很专业，售后响应也快，这点比竞品体验好。不建议盲买。我是屏障受损肌，旗舰店买的，空瓶半瓶后，后续上妆状态变化很大。,2026-06-01 01:16:00,20,4,B站,NewBrand,屏障修护面霜,618大促,用户评论,正向口碑
姐妹们，用了三天爆痘，停用后才慢慢好，不敢继续用了。还会继续观察。我是沙漠干皮，大促囤货，空瓶半瓶后，评论区反馈分化很明显。,2026-06-01 08:19:00,60,58,抖音,竞品B,屏障修护面霜,新品上市,用户评论,产品质量风险
测评后感觉，NewBrand这波新品包装和肤感都比以前细腻，吸收快，味道也克制。希望品牌给个明确说明。我是沙漠干皮，小样试用后入正装，用了2次，鼻翼和脸颊反应最明显。,2026-05-30 04:04:00,24,6,天猫评价,NewBrand,屏障修护面霜,敏感肌种草,达人笔记,正向口碑
测评后感觉，活动价还可以，套装搭配合理，适合第一次尝试这个系列。不建议盲买。我是沙漠干皮，大促囤货，空瓶半瓶后，这个点对敏感肌很关键。,2026-05-26 01:15:00,18,10,天猫评价,NewBrand,早C晚A精华套装,达人测评,电商评价,正向口碑
说实话，如果后续能补充第三方检测和适用人群说明，会更放心。大家怎么看？我是正常偏干，大促囤货，用了2次，和同价位竞品对比差异明显。,2026-05-31 15:43:00,0,2,微博,竞品A,舒缓保湿面膜,618大促,电商评价,中性观察
测评后感觉，达人测评没有夸张，实际使用确实温和，油皮也能接受。希望品牌给个明确说明。我是外油内干，旗舰店买的，用了1周，大促期间看到很多类似反馈。,2026-05-26 01:02:00,53,35,B站,NewBrand,舒缓保湿面膜,敏感肌种草,用户评论,正向口碑
测评后感觉，NewBrand广告说温和修护，但我用完明显过敏，这种宣传太离谱。我是干敏皮，大促囤货，刚上脸10分钟，希望品牌补充适用人群说明。,2026-05-27 10:27:00,203,6,小红书,NewBrand,温和洁面乳,敏感肌种草,短视频评论,产品质量风险
测评后感觉，客服解释成分很专业，售后响应也快，这点比竞品体验好。大家怎么看？我是外油内干，大促囤货，连续用了3天，评论区反馈分化很明显。,2026-06-01 02:35:00,45,7,B站,竞品A,光感修护精华液,618大促,用户评论,正向口碑
用了几天，NewBrand这次活动力度一般，赠品多但主品价格没有太大优势。还会继续观察。我是油敏皮，朋友推荐后购买，用了1周，鼻翼和脸颊反应最明显。,2026-05-28 01:06:00,26,4,抖音,NewBrand,温和洁面乳,新品上市,用户评论,中性观察
达人笔记全在夸，评论区却很多人说刺激，品牌是不是控评了。我是外油内干，朋友推荐后购买，空瓶半瓶后，鼻翼和脸颊反应最明显。,2026-05-28 19:25:00,39,50,小红书,竞品C,屏障修护面霜,敏感肌种草,达人笔记,价格价值争议
用了几天，用了三天爆痘，停用后才慢慢好，不敢继续用了。我是屏障受损肌，直播间入手，用了1周，后续上妆状态变化很大。,2026-05-31 09:57:00,14,37,抖音,NewBrand,早C晚A精华套装,夏季修护专题,电商评价,产品质量风险
说实话，客服解释成分很专业，售后响应也快，这点比竞品体验好。还会继续观察。我是油敏皮，达人链接下单，用了2次，鼻翼和脸颊反应最明显。,2026-05-28 03:00:00,111,26,B站,竞品A,屏障修护面霜,618大促,话题讨论,正向口碑
说实话，用了早C晚A精华套装之后脸颊刺痛泛红，严重辣脸，第二天还起了小疹子。大家怎么看？我是混油皮，直播间入手，用了2次，客服回复会直接影响我是否复购。,2026-05-31 06:38:00,44,14,B站,NewBrand,早C晚A精华套装,新品上市,话题讨论,售后体验不满
测评后感觉，客服回复速度还行，但对过敏问题的解释比较模板化。我是屏障受损肌，直播间入手，用了2次，鼻翼和脸颊反应最明显。,2026-05-26 14:28:00,47,5,抖音,NewBrand,舒缓保湿面膜,新品上市,电商评价,中性观察
用了几天，NewBrand广告说温和修护，但我用完明显过敏，这种宣传太离谱。我是正常偏干，旗舰店买的，空瓶半瓶后，大促期间看到很多类似反馈。,2026-06-01 01:04:00,192,69,京东评价,NewBrand,温和洁面乳,达人测评,话题讨论,产品质量风险
客服回复速度还行，但对过敏问题的解释比较模板化。大家怎么看？我是正常偏干，朋友推荐后购买，用了1周，评论区反馈分化很明显。,2026-05-24 09:54:00,65,8,微博,竞品B,温和洁面乳,新品上市,达人笔记,中性观察
姐妹们，客服解释成分很专业，售后响应也快，这点比竞品体验好。不建议盲买。我是痘肌，小样试用后入正装，用了1周，鼻翼和脸颊反应最明显。,2026-05-27 10:47:00,22,8,京东评价,竞品A,屏障修护面霜,夏季修护专题,短视频评论,正向口碑
测评后感觉，成分表看起来偏修护，敏感肌最好先做局部测试。不建议盲买。我是油敏皮，小样试用后入正装，早晚用了4天，大促期间看到很多类似反馈。,2026-05-28 20:35:00,39,9,天猫评价,竞品A,舒缓保湿面膜,敏感肌种草,用户评论,中性观察
如果后续能补充第三方检测和适用人群说明，会更放心。不建议盲买。我是正常偏干，大促囤货，连续用了3天，大促期间看到很多类似反馈。,2026-05-31 01:27:00,7,11,B站,NewBrand,舒缓保湿面膜,夏季修护专题,电商评价,中性观察
姐妹们，敏感肌用早C晚A精华套装很安心，泛红稳定下来，保湿感也不错。大家怎么看？我是屏障受损肌，达人链接下单，用了1周，鼻翼和脸颊反应最明显。,2026-05-25 14:56:00,39,4,抖音,竞品B,早C晚A精华套装,达人测评,短视频评论,正向口碑
测评后感觉，用了屏障修护面霜之后脸颊刺痛泛红，严重辣脸，第二天还起了小疹子。不建议盲买。我是油敏皮，大促囤货，刚上脸10分钟，客服回复会直接影响我是否复购。,2026-05-28 17:11:00,130,2,B站,NewBrand,屏障修护面霜,618大促,达人笔记,广告承诺争议
测评后感觉，保湿和提亮都比较自然，不是那种立刻假白的效果。还会继续观察。我是沙漠干皮，直播间入手，用了2次，后续上妆状态变化很大。,2026-05-31 02:56:00,56,5,天猫评价,竞品B,屏障修护面霜,达人测评,话题讨论,正向口碑
屏障修护面霜肤感还可以，但功效需要再观察，暂时没有特别惊喜。还会继续观察。我是痘肌，旗舰店买的，空瓶半瓶后，大促期间看到很多类似反馈。,2026-05-27 17:42:00,43,8,京东评价,NewBrand,屏障修护面霜,敏感肌种草,短视频评论,中性观察
测评后感觉，保湿和提亮都比较自然，不是那种立刻假白的效果。我是油敏皮，朋友推荐后购买，早晚用了4天，客服回复会直接影响我是否复购。,2026-05-25 22:44:00,73,16,B站,NewBrand,光感修护精华液,新品上市,话题讨论,正向口碑
用了几天，质地看着高级，上脸却搓泥，后续上妆完全不服帖，踩雷。希望品牌给个明确说明。我是屏障受损肌，达人链接下单，空瓶半瓶后，评论区反馈分化很明显。,2026-05-26 21:07:00,60,4,京东评价,NewBrand,屏障修护面霜,新品上市,达人笔记,价格价值争议
测评后感觉，如果后续能补充第三方检测和适用人群说明，会更放心。不建议盲买。我是正常偏干，达人链接下单，空瓶半瓶后，客服回复会直接影响我是否复购。,2026-05-30 14:17:00,2,6,抖音,竞品A,光感修护精华液,夏季修护专题,用户评论,中性观察
用了几天，活动价还可以，套装搭配合理，适合第一次尝试这个系列。不建议盲买。我是痘肌，旗舰店买的，早晚用了4天，评论区反馈分化很明显。,2026-05-31 15:54:00,35,9,小红书,NewBrand,屏障修护面霜,夏季修护专题,用户评论,正向口碑
用了几天，用了舒缓保湿面膜之后脸颊刺痛泛红，严重辣脸，第二天还起了小疹子。还会继续观察。我是痘肌，达人链接下单，空瓶半瓶后，和同价位竞品对比差异明显。,2026-05-28 06:30:00,231,47,小红书,竞品A,舒缓保湿面膜,敏感肌种草,达人笔记,达人内容质疑
客服一直让我再观察，没有给明确处理方案，售后体验真的差。还会继续观察。我是痘肌，朋友推荐后购买，连续用了3天，评论区反馈分化很明显。,2026-06-01 07:56:00,169,23,小红书,竞品B,早C晚A精华套装,夏季修护专题,达人笔记,价格价值争议
测评后感觉，客服一直让我再观察，没有给明确处理方案，售后体验真的差。不建议盲买。我是混油皮，达人链接下单，刚上脸10分钟，这个点对敏感肌很关键。,2026-05-25 00:59:00,152,16,B站,NewBrand,光感修护精华液,达人测评,话题讨论,价格价值争议
测评后感觉，客服解释成分很专业，售后响应也快，这点比竞品体验好。还会继续观察。我是正常偏干，达人链接下单，早晚用了4天，评论区反馈分化很明显。,2026-05-24 18:23:00,28,2,抖音,竞品C,屏障修护面霜,新品上市,短视频评论,正向口碑
用了几天，这次早C晚A精华套装真的好用，质地清爽不黏，早上上妆也不搓泥，已经准备回购。不建议盲买。我是沙漠干皮，直播间入手，用了2次，大促期间看到很多类似反馈。,2026-05-31 18:18:00,39,6,小红书,NewBrand,早C晚A精华套装,达人测评,话题讨论,正向口碑
说实话，这次光感修护精华液真的好用，质地清爽不黏，早上上妆也不搓泥，已经准备回购。我是沙漠干皮，旗舰店买的，用了2次，大促期间看到很多类似反馈。,2026-05-28 08:44:00,104,3,B站,NewBrand,光感修护精华液,夏季修护专题,电商评价,正向口碑
用了屏障修护面霜之后脸颊刺痛泛红，严重辣脸，第二天还起了小疹子。希望品牌给个明确说明。我是屏障受损肌，旗舰店买的，连续用了3天，大促期间看到很多类似反馈。,2026-05-27 22:35:00,31,20,天猫评价,NewBrand,屏障修护面霜,618大促,电商评价,产品质量风险
活动价还可以，套装搭配合理，适合第一次尝试这个系列。希望品牌给个明确说明。我是痘肌，达人链接下单，早晚用了4天，评论区反馈分化很明显。,2026-05-29 04:26:00,58,1,小红书,NewBrand,光感修护精华液,新品上市,短视频评论,正向口碑
用了早C晚A精华套装之后脸颊刺痛泛红，严重辣脸，第二天还起了小疹子。我是屏障受损肌，朋友推荐后购买，用了1周，评论区反馈分化很明显。,2026-05-27 03:40:00,209,30,天猫评价,竞品A,早C晚A精华套装,夏季修护专题,达人笔记,价格价值争议
姐妹们，达人笔记全在夸，评论区却很多人说刺激，品牌是不是控评了。我是干敏皮，小样试用后入正装，早晚用了4天，鼻翼和脸颊反应最明显。,2026-05-28 11:24:00,144,17,抖音,竞品C,舒缓保湿面膜,新品上市,用户评论,产品质量风险
用了几天，保湿和提亮都比较自然，不是那种立刻假白的效果。不建议盲买。我是痘肌，旗舰店买的，用了1周，这个点对敏感肌很关键。,2026-05-29 18:09:00,47,2,B站,竞品C,舒缓保湿面膜,敏感肌种草,话题讨论,正向口碑
姐妹们，这次光感修护精华液真的好用，质地清爽不黏，早上上妆也不搓泥，已经准备回购。还会继续观察。我是干敏皮，大促囤货，用了2次，这个点对敏感肌很关键。,2026-05-28 06:53:00,136,8,抖音,NewBrand,光感修护精华液,敏感肌种草,用户评论,正向口碑
用了几天，价格比竞品贵一截，但效果没有宣传那么夸张，感觉被种草文骗了。不建议盲买。我是沙漠干皮，大促囤货，空瓶半瓶后，鼻翼和脸颊反应最明显。,2026-05-28 03:33:00,177,3,天猫评价,NewBrand,温和洁面乳,达人测评,达人笔记,售后体验不满
用了几天，敏感肌用舒缓保湿面膜很安心，泛红稳定下来，保湿感也不错。不建议盲买。我是干敏皮，达人链接下单，用了1周，大促期间看到很多类似反馈。,2026-05-27 04:38:00,37,1,天猫评价,竞品B,舒缓保湿面膜,敏感肌种草,达人笔记,正向口碑
姐妹们，包装设计挺好看，但更关心长期使用后的稳定性。还会继续观察。我是沙漠干皮，小样试用后入正装，用了2次，鼻翼和脸颊反应最明显。,2026-05-25 03:00:00,33,30,小红书,竞品C,屏障修护面霜,夏季修护专题,用户评论,中性观察
测评后感觉，如果后续能补充第三方检测和适用人群说明，会更放心。我是沙漠干皮，旗舰店买的，刚上脸10分钟，客服回复会直接影响我是否复购。,2026-05-28 07:53:00,45,3,京东评价,NewBrand,屏障修护面霜,618大促,话题讨论,中性观察
姐妹们，达人笔记全在夸，评论区却很多人说刺激，品牌是不是控评了。还会继续观察。我是沙漠干皮，朋友推荐后购买，空瓶半瓶后，这个点对敏感肌很关键。,2026-05-29 04:45:00,249,61,微博,竞品C,温和洁面乳,618大促,短视频评论,价格价值争议
说实话，达人测评没有夸张，实际使用确实温和，油皮也能接受。不建议盲买。我是沙漠干皮，朋友推荐后购买，用了1周，后续上妆状态变化很大。,2026-05-31 04:14:00,47,4,微博,竞品C,早C晚A精华套装,618大促,达人笔记,正向口碑
姐妹们，包装设计挺好看，但更关心长期使用后的稳定性。还会继续观察。我是屏障受损肌，朋友推荐后购买，连续用了3天，希望品牌补充适用人群说明。,2026-06-01 02:02:00,8,4,B站,NewBrand,舒缓保湿面膜,618大促,用户评论,中性观察
用了光感修护精华液之后脸颊刺痛泛红，严重辣脸，第二天还起了小疹子。我是油敏皮，直播间入手，连续用了3天，希望品牌补充适用人群说明。,2026-05-28 18:03:00,71,41,B站,NewBrand,光感修护精华液,夏季修护专题,电商评价,售后体验不满
姐妹们，用了舒缓保湿面膜之后脸颊刺痛泛红，严重辣脸，第二天还起了小疹子。大家怎么看？我是沙漠干皮，大促囤货，刚上脸10分钟，客服回复会直接影响我是否复购。,2026-05-31 23:05:00,160,21,天猫评价,竞品A,舒缓保湿面膜,夏季修护专题,短视频评论,广告承诺争议
姐妹们，客服回复速度还行，但对过敏问题的解释比较模板化。大家怎么看？我是干敏皮，旗舰店买的，连续用了3天，后续上妆状态变化很大。,2026-05-27 12:09:00,15,7,天猫评价,NewBrand,早C晚A精华套装,敏感肌种草,电商评价,中性观察
说实话，用了光感修护精华液之后脸颊刺痛泛红，严重辣脸，第二天还起了小疹子。不建议盲买。我是混油皮，朋友推荐后购买，空瓶半瓶后，这个点对敏感肌很关键。,2026-05-24 13:20:00,50,6,京东评价,NewBrand,光感修护精华液,618大促,达人笔记,价格价值争议
说实话，活动价还可以，套装搭配合理，适合第一次尝试这个系列。我是混油皮，达人链接下单，用了1周，评论区反馈分化很明显。,2026-05-25 05:17:00,34,14,京东评价,NewBrand,舒缓保湿面膜,敏感肌种草,电商评价,正向口碑
用了几天，竞品最近也在推类似概念，想看更真实的横评对比。希望品牌给个明确说明。我是正常偏干，旗舰店买的，连续用了3天，这个点对敏感肌很关键。,2026-05-28 08:59:00,32,8,小红书,NewBrand,光感修护精华液,夏季修护专题,达人笔记,中性观察
测评后感觉，这次温和洁面乳真的好用，质地清爽不黏，早上上妆也不搓泥，已经准备回购。不建议盲买。我是干敏皮，小样试用后入正装，用了2次，评论区反馈分化很明显。,2026-05-26 23:06:00,89,34,B站,竞品A,温和洁面乳,新品上市,话题讨论,正向口碑
质地看着高级，上脸却搓泥，后续上妆完全不服帖，踩雷。还会继续观察。我是痘肌，旗舰店买的，刚上脸10分钟，和同价位竞品对比差异明显。,2026-05-28 18:03:00,95,10,小红书,NewBrand,舒缓保湿面膜,敏感肌种草,话题讨论,价格价值争议
姐妹们，达人测评没有夸张，实际使用确实温和，油皮也能接受。还会继续观察。我是干敏皮，大促囤货，连续用了3天，客服回复会直接影响我是否复购。,2026-05-24 19:46:00,37,17,微博,竞品A,屏障修护面霜,夏季修护专题,话题讨论,正向口碑
姐妹们，包装设计挺好看，但更关心长期使用后的稳定性。还会继续观察。我是痘肌，小样试用后入正装，空瓶半瓶后，希望品牌补充适用人群说明。,2026-05-29 01:19:00,14,5,小红书,竞品C,光感修护精华液,夏季修护专题,用户评论,中性观察
说实话，质地看着高级，上脸却搓泥，后续上妆完全不服帖，踩雷。希望品牌给个明确说明。我是外油内干，小样试用后入正装，连续用了3天，后续上妆状态变化很大。,2026-05-28 03:48:00,115,19,B站,NewBrand,温和洁面乳,618大促,达人笔记,产品质量风险
说实话，保湿和提亮都比较自然，不是那种立刻假白的效果。我是沙漠干皮，大促囤货，空瓶半瓶后，评论区反馈分化很明显。,2026-05-24 22:58:00,102,21,B站,NewBrand,早C晚A精华套装,夏季修护专题,达人笔记,正向口碑
用了几天，价格比竞品贵一截，但效果没有宣传那么夸张，感觉被种草文骗了。还会继续观察。我是外油内干，旗舰店买的，空瓶半瓶后，鼻翼和脸颊反应最明显。,2026-05-24 13:27:00,118,18,小红书,竞品A,屏障修护面霜,618大促,话题讨论,产品质量风险
用了几天，达人笔记全在夸，评论区却很多人说刺激，品牌是不是控评了。希望品牌给个明确说明。我是痘肌，达人链接下单，刚上脸10分钟，鼻翼和脸颊反应最明显。,2026-05-30 23:14:00,92,13,京东评价,NewBrand,舒缓保湿面膜,敏感肌种草,短视频评论,售后体验不满
测评后感觉，达人测评没有夸张，实际使用确实温和，油皮也能接受。不建议盲买。我是痘肌，达人链接下单，连续用了3天，和同价位竞品对比差异明显。,2026-05-28 14:54:00,107,6,天猫评价,竞品A,屏障修护面霜,618大促,达人笔记,正向口碑
用了几天，保湿和提亮都比较自然，不是那种立刻假白的效果。大家怎么看？我是正常偏干，直播间入手，连续用了3天，评论区反馈分化很明显。,2026-05-26 08:42:00,23,21,微博,竞品C,温和洁面乳,618大促,短视频评论,正向口碑
姐妹们，达人测评没有夸张，实际使用确实温和，油皮也能接受。希望品牌给个明确说明。我是屏障受损肌，直播间入手，用了1周，后续上妆状态变化很大。,2026-05-26 22:24:00,35,7,微博,NewBrand,舒缓保湿面膜,618大促,用户评论,正向口碑
姐妹们，达人笔记全在夸，评论区却很多人说刺激，品牌是不是控评了。希望品牌给个明确说明。我是油敏皮，大促囤货，用了1周，后续上妆状态变化很大。,2026-05-25 16:23:00,109,70,天猫评价,NewBrand,舒缓保湿面膜,敏感肌种草,话题讨论,达人内容质疑
说实话，竞品A这波新品包装和肤感都比以前细腻，吸收快，味道也克制。不建议盲买。我是痘肌，朋友推荐后购买，连续用了3天，客服回复会直接影响我是否复购。,2026-06-01 07:21:00,206,5,天猫评价,竞品A,温和洁面乳,达人测评,电商评价,正向口碑
说实话，早C晚A精华套装肤感还可以，但功效需要再观察，暂时没有特别惊喜。我是沙漠干皮，旗舰店买的，空瓶半瓶后，这个点对敏感肌很关键。,2026-05-25 00:47:00,22,8,抖音,竞品B,早C晚A精华套装,达人测评,达人笔记,中性观察
用了几天，达人笔记全在夸，评论区却很多人说刺激，品牌是不是控评了。不建议盲买。我是外油内干，朋友推荐后购买，空瓶半瓶后，这个点对敏感肌很关键。,2026-05-31 03:56:00,81,32,抖音,竞品A,屏障修护面霜,敏感肌种草,电商评价,价格价值争议
测评后感觉，活动价还可以，套装搭配合理，适合第一次尝试这个系列。希望品牌给个明确说明。我是油敏皮，朋友推荐后购买，空瓶半瓶后，这个点对敏感肌很关键。,2026-05-25 13:26:00,160,2,京东评价,NewBrand,舒缓保湿面膜,618大促,话题讨论,正向口碑
测评后感觉，温和洁面乳肤感还可以，但功效需要再观察，暂时没有特别惊喜。大家怎么看？我是屏障受损肌，直播间入手，空瓶半瓶后，客服回复会直接影响我是否复购。,2026-05-31 06:54:00,32,4,京东评价,竞品C,温和洁面乳,敏感肌种草,话题讨论,中性观察
用了几天，质地看着高级，上脸却搓泥，后续上妆完全不服帖，踩雷。希望品牌给个明确说明。我是痘肌，旗舰店买的，早晚用了4天，大促期间看到很多类似反馈。,2026-05-25 09:15:00,105,5,小红书,竞品A,舒缓保湿面膜,新品上市,话题讨论,达人内容质疑
说实话，价格比竞品贵一截，但效果没有宣传那么夸张，感觉被种草文骗了。我是屏障受损肌，小样试用后入正装，用了1周，和同价位竞品对比差异明显。,2026-05-30 19:59:00,139,15,京东评价,NewBrand,光感修护精华液,敏感肌种草,用户评论,售后体验不满
姐妹们，竞品最近也在推类似概念，想看更真实的横评对比。我是干敏皮，直播间入手，用了2次，客服回复会直接影响我是否复购。,2026-05-28 06:12:00,29,5,小红书,竞品A,温和洁面乳,618大促,用户评论,中性观察
竞品最近也在推类似概念，想看更真实的横评对比。我是油敏皮，大促囤货，用了2次，鼻翼和脸颊反应最明显。,2026-05-26 12:38:00,4,19,天猫评价,竞品A,早C晚A精华套装,敏感肌种草,短视频评论,中性观察
测评后感觉，客服一直让我再观察，没有给明确处理方案，售后体验真的差。希望品牌给个明确说明。我是干敏皮，小样试用后入正装，用了1周，评论区反馈分化很明显。,2026-05-25 08:36:00,19,16,B站,竞品C,温和洁面乳,敏感肌种草,电商评价,产品质量风险
姐妹们，用了三天爆痘，停用后才慢慢好，不敢继续用了。我是痘肌，小样试用后入正装，连续用了3天，希望品牌补充适用人群说明。,2026-05-26 05:38:00,116,37,B站,竞品B,温和洁面乳,达人测评,电商评价,产品质量风险
用了几天，竞品最近也在推类似概念，想看更真实的横评对比。我是屏障受损肌，直播间入手，空瓶半瓶后，后续上妆状态变化很大。,2026-05-25 09:17:00,124,12,天猫评价,NewBrand,屏障修护面霜,达人测评,短视频评论,中性观察
测评后感觉，客服回复速度还行，但对过敏问题的解释比较模板化。我是油敏皮，小样试用后入正装，用了2次，和同价位竞品对比差异明显。,2026-05-30 22:43:00,53,1,京东评价,竞品A,光感修护精华液,新品上市,电商评价,中性观察
测评后感觉，敏感肌用温和洁面乳很安心，泛红稳定下来，保湿感也不错。还会继续观察。我是正常偏干，小样试用后入正装，用了2次，大促期间看到很多类似反馈。,2026-05-30 11:24:00,79,3,B站,NewBrand,温和洁面乳,达人测评,话题讨论,正向口碑
用了几天，连续用了一周，温和洁面乳对换季干燥有改善，修护感很明显。我是油敏皮，旗舰店买的，刚上脸10分钟，后续上妆状态变化很大。,2026-05-31 07:10:00,8,6,小红书,竞品A,温和洁面乳,敏感肌种草,用户评论,正向口碑
姐妹们，达人笔记全在夸，评论区却很多人说刺激，品牌是不是控评了。不建议盲买。我是油敏皮，小样试用后入正装，空瓶半瓶后，希望品牌补充适用人群说明。,2026-05-30 02:33:00,95,22,B站,NewBrand,温和洁面乳,夏季修护专题,用户评论,产品质量风险
客服解释成分很专业，售后响应也快，这点比竞品体验好。不建议盲买。我是正常偏干，直播间入手，空瓶半瓶后，客服回复会直接影响我是否复购。,2026-05-27 14:00:00,60,1,B站,竞品C,温和洁面乳,新品上市,达人笔记,正向口碑
用了几天，客服解释成分很专业，售后响应也快，这点比竞品体验好。不建议盲买。我是油敏皮，大促囤货，早晚用了4天，希望品牌补充适用人群说明。,2026-05-28 04:00:00,36,4,B站,竞品B,屏障修护面霜,新品上市,话题讨论,正向口碑
说实话，连续用了一周，舒缓保湿面膜对换季干燥有改善，修护感很明显。希望品牌给个明确说明。我是正常偏干，朋友推荐后购买，早晚用了4天，后续上妆状态变化很大。,2026-05-28 17:48:00,27,16,抖音,NewBrand,舒缓保湿面膜,新品上市,达人笔记,正向口碑
说实话，敏感肌用屏障修护面霜很安心，泛红稳定下来，保湿感也不错。大家怎么看？我是混油皮，朋友推荐后购买，连续用了3天，鼻翼和脸颊反应最明显。,2026-05-25 10:58:00,114,11,天猫评价,竞品A,屏障修护面霜,618大促,电商评价,正向口碑
姐妹们，竞品B这次活动力度一般，赠品多但主品价格没有太大优势。还会继续观察。我是痘肌，旗舰店买的，刚上脸10分钟，这个点对敏感肌很关键。,2026-05-27 09:22:00,65,5,小红书,竞品B,舒缓保湿面膜,达人测评,短视频评论,中性观察
说实话，成分表看起来偏修护，敏感肌最好先做局部测试。希望品牌给个明确说明。我是外油内干，小样试用后入正装，用了1周，希望品牌补充适用人群说明。,2026-05-26 10:25:00,23,23,小红书,NewBrand,光感修护精华液,618大促,短视频评论,中性观察
用了几天，NewBrand这次活动力度一般，赠品多但主品价格没有太大优势。还会继续观察。我是屏障受损肌，达人链接下单，空瓶半瓶后，后续上妆状态变化很大。,2026-05-29 00:44:00,39,8,抖音,NewBrand,光感修护精华液,新品上市,用户评论,中性观察
NewBrand广告说温和修护，但我用完明显过敏，这种宣传太离谱。我是屏障受损肌，旗舰店买的，早晚用了4天，客服回复会直接影响我是否复购。,2026-05-29 05:39:00,66,37,微博,NewBrand,舒缓保湿面膜,达人测评,用户评论,产品质量风险
用了几天，价格比竞品贵一截，但效果没有宣传那么夸张，感觉被种草文骗了。希望品牌给个明确说明。我是屏障受损肌，大促囤货，空瓶半瓶后，这个点对敏感肌很关键。,2026-05-24 13:56:00,120,18,天猫评价,NewBrand,光感修护精华液,达人测评,电商评价,达人内容质疑
达人笔记全在夸，评论区却很多人说刺激，品牌是不是控评了。不建议盲买。我是混油皮，直播间入手，用了2次，评论区反馈分化很明显。,2026-05-27 19:30:00,61,7,B站,NewBrand,舒缓保湿面膜,新品上市,短视频评论,价格价值争议
包装设计挺好看，但更关心长期使用后的稳定性。希望品牌给个明确说明。我是正常偏干，直播间入手，早晚用了4天，和同价位竞品对比差异明显。,2026-05-31 03:23:00,63,4,天猫评价,NewBrand,舒缓保湿面膜,618大促,用户评论,中性观察
姐妹们，敏感肌用光感修护精华液很安心，泛红稳定下来，保湿感也不错。不建议盲买。我是正常偏干，直播间入手，连续用了3天，后续上妆状态变化很大。,2026-05-27 05:39:00,133,22,B站,竞品B,光感修护精华液,达人测评,电商评价,正向口碑
用了几天，NewBrand这次活动力度一般，赠品多但主品价格没有太大优势。还会继续观察。我是正常偏干，达人链接下单，用了2次，鼻翼和脸颊反应最明显。,2026-05-31 04:20:00,94,6,京东评价,NewBrand,舒缓保湿面膜,敏感肌种草,达人笔记,中性观察
连续用了一周，舒缓保湿面膜对换季干燥有改善，修护感很明显。大家怎么看？我是油敏皮，朋友推荐后购买，连续用了3天，大促期间看到很多类似反馈。,2026-05-24 15:37:00,122,5,京东评价,NewBrand,舒缓保湿面膜,敏感肌种草,话题讨论,正向口碑
保湿和提亮都比较自然，不是那种立刻假白的效果。大家怎么看？我是外油内干，大促囤货，用了2次，和同价位竞品对比差异明显。,2026-05-31 14:18:00,28,8,小红书,NewBrand,光感修护精华液,敏感肌种草,话题讨论,正向口碑
这次早C晚A精华套装真的好用，质地清爽不黏，早上上妆也不搓泥，已经准备回购。希望品牌给个明确说明。我是沙漠干皮，大促囤货，用了2次，后续上妆状态变化很大。,2026-05-27 15:52:00,95,8,抖音,NewBrand,早C晚A精华套装,新品上市,话题讨论,正向口碑
测评后感觉，竞品A广告说温和修护，但我用完明显过敏，这种宣传太离谱。还会继续观察。我是外油内干，直播间入手，用了2次，这个点对敏感肌很关键。,2026-05-29 08:51:00,26,6,小红书,竞品A,舒缓保湿面膜,新品上市,话题讨论,售后体验不满
测评后感觉，价格比竞品贵一截，但效果没有宣传那么夸张，感觉被种草文骗了。不建议盲买。我是屏障受损肌，小样试用后入正装，早晚用了4天，大促期间看到很多类似反馈。,2026-05-27 01:50:00,100,7,微博,竞品A,光感修护精华液,夏季修护专题,用户评论,产品质量风险
姐妹们，竞品C广告说温和修护，但我用完明显过敏，这种宣传太离谱。希望品牌给个明确说明。我是干敏皮，朋友推荐后购买，空瓶半瓶后，这个点对敏感肌很关键。,2026-05-24 15:02:00,100,20,天猫评价,竞品C,舒缓保湿面膜,新品上市,电商评价,广告承诺争议
姐妹们，保湿和提亮都比较自然，不是那种立刻假白的效果。我是干敏皮，旗舰店买的，用了2次，大促期间看到很多类似反馈。,2026-05-28 13:41:00,25,17,天猫评价,NewBrand,早C晚A精华套装,618大促,电商评价,正向口碑
用了几天，达人测评没有夸张，实际使用确实温和，油皮也能接受。大家怎么看？我是沙漠干皮，小样试用后入正装，空瓶半瓶后，评论区反馈分化很明显。,2026-05-29 23:28:00,66,15,B站,NewBrand,早C晚A精华套装,新品上市,用户评论,正向口碑
姐妹们，活动价还可以，套装搭配合理，适合第一次尝试这个系列。还会继续观察。我是痘肌，大促囤货，连续用了3天，客服回复会直接影响我是否复购。,2026-05-25 15:22:00,36,5,B站,竞品C,光感修护精华液,敏感肌种草,用户评论,正向口碑
NewBrand广告说温和修护，但我用完明显过敏，这种宣传太离谱。不建议盲买。我是屏障受损肌，达人链接下单，连续用了3天，和同价位竞品对比差异明显。,2026-06-01 00:18:00,184,9,小红书,NewBrand,舒缓保湿面膜,新品上市,用户评论,产品质量风险
达人测评没有夸张，实际使用确实温和，油皮也能接受。不建议盲买。我是混油皮，直播间入手，空瓶半瓶后，希望品牌补充适用人群说明。,2026-05-31 08:12:00,60,6,天猫评价,NewBrand,光感修护精华液,618大促,短视频评论,正向口碑
测评后感觉，看到很多人反馈刺痛，也有人说好用，感觉和肤质关系很大。希望品牌给个明确说明。我是外油内干，小样试用后入正装，早晚用了4天，和同价位竞品对比差异明显。,2026-05-29 00:23:00,20,1,B站,NewBrand,屏障修护面霜,敏感肌种草,短视频评论,中性观察
用了几天，客服一直让我再观察，没有给明确处理方案，售后体验真的差。希望品牌给个明确说明。我是干敏皮，直播间入手，空瓶半瓶后，大促期间看到很多类似反馈。,2026-05-30 04:09:00,87,75,天猫评价,竞品B,光感修护精华液,达人测评,电商评价,产品质量风险
测评后感觉，客服回复速度还行，但对过敏问题的解释比较模板化。我是痘肌，大促囤货，用了2次，这个点对敏感肌很关键。,2026-05-30 12:27:00,54,1,京东评价,NewBrand,舒缓保湿面膜,敏感肌种草,短视频评论,中性观察
姐妹们，保湿和提亮都比较自然，不是那种立刻假白的效果。大家怎么看？我是外油内干，大促囤货，空瓶半瓶后，和同价位竞品对比差异明显。,2026-05-26 02:56:00,223,27,京东评价,竞品C,早C晚A精华套装,618大促,电商评价,正向口碑
用了几天，竞品C这次活动力度一般，赠品多但主品价格没有太大优势。不建议盲买。我是屏障受损肌，朋友推荐后购买，连续用了3天，评论区反馈分化很明显。,2026-05-30 18:05:00,19,14,抖音,竞品C,屏障修护面霜,达人测评,用户评论,中性观察
用了几天，客服回复速度还行，但对过敏问题的解释比较模板化。大家怎么看？我是油敏皮，朋友推荐后购买，用了2次，评论区反馈分化很明显。,2026-05-30 13:49:00,16,4,小红书,竞品C,温和洁面乳,敏感肌种草,电商评价,中性观察
测评后感觉，看到很多人反馈刺痛，也有人说好用，感觉和肤质关系很大。不建议盲买。我是屏障受损肌，达人链接下单，用了1周，这个点对敏感肌很关键。,2026-05-27 12:32:00,59,1,微博,NewBrand,光感修护精华液,夏季修护专题,话题讨论,中性观察
用了几天，成分表看起来偏修护，敏感肌最好先做局部测试。还会继续观察。我是油敏皮，大促囤货，用了2次，这个点对敏感肌很关键。,2026-05-27 10:46:00,16,5,微博,NewBrand,温和洁面乳,新品上市,达人笔记,中性观察
说实话，活动价还可以，套装搭配合理，适合第一次尝试这个系列。不建议盲买。我是外油内干，小样试用后入正装，空瓶半瓶后，这个点对敏感肌很关键。,2026-05-25 04:30:00,60,9,京东评价,NewBrand,屏障修护面霜,夏季修护专题,电商评价,正向口碑
测评后感觉，保湿和提亮都比较自然，不是那种立刻假白的效果。希望品牌给个明确说明。我是油敏皮，直播间入手，连续用了3天，鼻翼和脸颊反应最明显。,2026-05-29 00:43:00,21,7,抖音,竞品B,光感修护精华液,618大促,达人笔记,正向口碑
用了几天，竞品C广告说温和修护，但我用完明显过敏，这种宣传太离谱。不建议盲买。我是屏障受损肌，小样试用后入正装，刚上脸10分钟，后续上妆状态变化很大。,2026-05-27 13:14:00,228,7,B站,竞品C,光感修护精华液,敏感肌种草,用户评论,售后体验不满
用了三天爆痘，停用后才慢慢好，不敢继续用了。大家怎么看？我是屏障受损肌，朋友推荐后购买，连续用了3天，和同价位竞品对比差异明显。,2026-05-26 01:47:00,107,10,京东评价,NewBrand,早C晚A精华套装,夏季修护专题,用户评论,达人内容质疑
姐妹们，客服一直让我再观察，没有给明确处理方案，售后体验真的差。不建议盲买。我是正常偏干，直播间入手，用了1周，鼻翼和脸颊反应最明显。,2026-05-27 18:05:00,107,12,小红书,NewBrand,早C晚A精华套装,618大促,达人笔记,价格价值争议
测评后感觉，达人笔记全在夸，评论区却很多人说刺激，品牌是不是控评了。还会继续观察。我是油敏皮，直播间入手，连续用了3天，客服回复会直接影响我是否复购。,2026-05-28 10:53:00,176,36,京东评价,NewBrand,舒缓保湿面膜,夏季修护专题,达人笔记,产品质量风险
说实话，包装设计挺好看，但更关心长期使用后的稳定性。不建议盲买。我是外油内干，直播间入手，用了2次，后续上妆状态变化很大。,2026-05-27 01:20:00,28,9,天猫评价,NewBrand,屏障修护面霜,达人测评,用户评论,中性观察
姐妹们，竞品最近也在推类似概念，想看更真实的横评对比。我是干敏皮，达人链接下单，用了1周，评论区反馈分化很明显。,2026-05-27 19:21:00,1,4,天猫评价,竞品B,早C晚A精华套装,达人测评,话题讨论,中性观察
说实话，包装设计挺好看，但更关心长期使用后的稳定性。我是正常偏干，大促囤货，早晚用了4天，大促期间看到很多类似反馈。,2026-05-31 22:30:00,104,2,天猫评价,NewBrand,温和洁面乳,618大促,达人笔记,中性观察
测评后感觉，达人测评没有夸张，实际使用确实温和，油皮也能接受。大家怎么看？我是油敏皮，直播间入手，早晚用了4天，鼻翼和脸颊反应最明显。,2026-05-30 07:51:00,73,10,抖音,NewBrand,屏障修护面霜,敏感肌种草,达人笔记,正向口碑
测评后感觉，达人测评没有夸张，实际使用确实温和，油皮也能接受。还会继续观察。我是油敏皮，朋友推荐后购买，用了1周，大促期间看到很多类似反馈。,2026-05-25 16:27:00,15,6,B站,NewBrand,舒缓保湿面膜,敏感肌种草,达人笔记,正向口碑
敏感肌用早C晚A精华套装很安心，泛红稳定下来，保湿感也不错。我是干敏皮，直播间入手，用了1周，大促期间看到很多类似反馈。,2026-05-30 14:24:00,52,0,天猫评价,NewBrand,早C晚A精华套装,618大促,短视频评论,正向口碑
测评后感觉，如果后续能补充第三方检测和适用人群说明，会更放心。还会继续观察。我是混油皮，旗舰店买的，早晚用了4天，鼻翼和脸颊反应最明显。,2026-06-01 01:55:00,129,0,小红书,NewBrand,舒缓保湿面膜,夏季修护专题,用户评论,中性观察
姐妹们，活动价还可以，套装搭配合理，适合第一次尝试这个系列。大家怎么看？我是正常偏干，旗舰店买的，用了1周，希望品牌补充适用人群说明。,2026-05-25 00:26:00,19,8,天猫评价,NewBrand,屏障修护面霜,新品上市,电商评价,正向口碑
用了几天，达人笔记全在夸，评论区却很多人说刺激，品牌是不是控评了。我是混油皮，达人链接下单，连续用了3天，后续上妆状态变化很大。,2026-05-28 09:42:00,29,12,京东评价,竞品A,舒缓保湿面膜,达人测评,话题讨论,售后体验不满
说实话，用了光感修护精华液之后脸颊刺痛泛红，严重辣脸，第二天还起了小疹子。我是混油皮，旗舰店买的，连续用了3天，鼻翼和脸颊反应最明显。,2026-05-27 05:55:00,130,51,京东评价,竞品A,光感修护精华液,新品上市,话题讨论,达人内容质疑
保湿和提亮都比较自然，不是那种立刻假白的效果。我是沙漠干皮，小样试用后入正装，用了1周，评论区反馈分化很明显。,2026-05-28 19:25:00,19,4,B站,NewBrand,早C晚A精华套装,新品上市,话题讨论,正向口碑
测评后感觉，用了三天爆痘，停用后才慢慢好，不敢继续用了。希望品牌给个明确说明。我是正常偏干，大促囤货，早晚用了4天，后续上妆状态变化很大。,2026-05-31 21:49:00,71,23,京东评价,竞品A,舒缓保湿面膜,达人测评,用户评论,广告承诺争议
包装设计挺好看，但更关心长期使用后的稳定性。不建议盲买。我是正常偏干，大促囤货，刚上脸10分钟，希望品牌补充适用人群说明。,2026-05-30 08:36:00,40,15,小红书,NewBrand,早C晚A精华套装,敏感肌种草,短视频评论,中性观察
用了几天，用了三天爆痘，停用后才慢慢好，不敢继续用了。希望品牌给个明确说明。我是混油皮，达人链接下单，用了2次，这个点对敏感肌很关键。,2026-05-26 00:39:00,156,16,小红书,竞品A,光感修护精华液,新品上市,达人笔记,售后体验不满
用了几天，看到很多人反馈刺痛，也有人说好用，感觉和肤质关系很大。还会继续观察。我是痘肌，小样试用后入正装，空瓶半瓶后，客服回复会直接影响我是否复购。,2026-05-31 15:46:00,63,12,抖音,竞品C,屏障修护面霜,敏感肌种草,用户评论,中性观察
舒缓保湿面膜肤感还可以，但功效需要再观察，暂时没有特别惊喜。大家怎么看？我是油敏皮，大促囤货，早晚用了4天，希望品牌补充适用人群说明。,2026-05-24 14:59:00,40,5,微博,NewBrand,舒缓保湿面膜,夏季修护专题,话题讨论,中性观察
说实话，用了屏障修护面霜之后脸颊刺痛泛红，严重辣脸，第二天还起了小疹子。大家怎么看？我是痘肌，朋友推荐后购买，早晚用了4天，和同价位竞品对比差异明显。,2026-05-28 06:35:00,74,22,B站,竞品C,屏障修护面霜,618大促,电商评价,产品质量风险
用了几天，客服回复速度还行，但对过敏问题的解释比较模板化。希望品牌给个明确说明。我是干敏皮，朋友推荐后购买，连续用了3天，大促期间看到很多类似反馈。,2026-05-28 09:26:00,27,4,京东评价,NewBrand,光感修护精华液,新品上市,达人笔记,中性观察
测评后感觉，这次舒缓保湿面膜真的好用，质地清爽不黏，早上上妆也不搓泥，已经准备回购。大家怎么看？我是油敏皮，直播间入手，连续用了3天，这个点对敏感肌很关键。,2026-05-26 12:46:00,40,10,微博,NewBrand,舒缓保湿面膜,夏季修护专题,用户评论,正向口碑
测评后感觉，如果后续能补充第三方检测和适用人群说明，会更放心。还会继续观察。我是屏障受损肌，旗舰店买的，空瓶半瓶后，后续上妆状态变化很大。,2026-05-27 06:19:00,23,7,小红书,竞品A,早C晚A精华套装,618大促,用户评论,中性观察
说实话，买的套装里小样快过期，包装还压坏了，活动体验很糟糕。希望品牌给个明确说明。我是屏障受损肌，旗舰店买的，连续用了3天，这个点对敏感肌很关键。,2026-05-27 20:13:00,200,45,抖音,NewBrand,屏障修护面霜,新品上市,用户评论,售后体验不满
保湿和提亮都比较自然，不是那种立刻假白的效果。还会继续观察。我是正常偏干，大促囤货，早晚用了4天，希望品牌补充适用人群说明。,2026-05-26 20:04:00,70,12,京东评价,竞品B,屏障修护面霜,夏季修护专题,用户评论,正向口碑
包装设计挺好看，但更关心长期使用后的稳定性。还会继续观察。我是干敏皮，小样试用后入正装，用了2次，后续上妆状态变化很大。,2026-05-25 20:15:00,34,4,微博,NewBrand,屏障修护面霜,夏季修护专题,电商评价,中性观察
达人测评没有夸张，实际使用确实温和，油皮也能接受。不建议盲买。我是正常偏干，旗舰店买的，早晚用了4天，和同价位竞品对比差异明显。,2026-05-29 18:23:00,240,1,抖音,NewBrand,早C晚A精华套装,618大促,用户评论,正向口碑
说实话，竞品A这波新品包装和肤感都比以前细腻，吸收快，味道也克制。不建议盲买。我是干敏皮，小样试用后入正装，用了2次，和同价位竞品对比差异明显。,2026-05-31 11:32:00,32,5,小红书,竞品A,光感修护精华液,新品上市,电商评价,正向口碑
说实话，质地看着高级，上脸却搓泥，后续上妆完全不服帖，踩雷。希望品牌给个明确说明。我是油敏皮，直播间入手，空瓶半瓶后，客服回复会直接影响我是否复购。,2026-05-24 19:45:00,440,24,小红书,NewBrand,光感修护精华液,达人测评,电商评价,价格价值争议
姐妹们，用了三天爆痘，停用后才慢慢好，不敢继续用了。我是干敏皮，大促囤货，早晚用了4天，这个点对敏感肌很关键。,2026-05-25 08:38:00,100,19,B站,NewBrand,早C晚A精华套装,新品上市,话题讨论,产品质量风险
测评后感觉，活动价还可以，套装搭配合理，适合第一次尝试这个系列。我是油敏皮，达人链接下单，用了2次，客服回复会直接影响我是否复购。,2026-05-28 14:28:00,42,3,微博,NewBrand,早C晚A精华套装,夏季修护专题,电商评价,正向口碑
测评后感觉，看到很多人反馈刺痛，也有人说好用，感觉和肤质关系很大。大家怎么看？我是沙漠干皮，朋友推荐后购买，用了2次，客服回复会直接影响我是否复购。,2026-05-29 12:45:00,89,11,抖音,NewBrand,光感修护精华液,618大促,电商评价,中性观察
说实话，客服一直让我再观察，没有给明确处理方案，售后体验真的差。大家怎么看？我是混油皮，直播间入手，空瓶半瓶后，和同价位竞品对比差异明显。,2026-05-28 17:21:00,71,4,微博,NewBrand,舒缓保湿面膜,618大促,达人笔记,价格价值争议
用了几天，客服回复速度还行，但对过敏问题的解释比较模板化。不建议盲买。我是痘肌，达人链接下单，空瓶半瓶后，希望品牌补充适用人群说明。,2026-05-31 20:58:00,56,11,小红书,NewBrand,舒缓保湿面膜,618大促,用户评论,中性观察
说实话，达人笔记全在夸，评论区却很多人说刺激，品牌是不是控评了。还会继续观察。我是干敏皮，直播间入手，连续用了3天，希望品牌补充适用人群说明。,2026-05-30 10:46:00,90,25,小红书,NewBrand,光感修护精华液,敏感肌种草,电商评价,达人内容质疑
说实话，用了三天爆痘，停用后才慢慢好，不敢继续用了。不建议盲买。我是外油内干，小样试用后入正装，用了2次，和同价位竞品对比差异明显。,2026-05-31 22:28:00,192,11,B站,NewBrand,温和洁面乳,达人测评,短视频评论,产品质量风险
姐妹们，客服解释成分很专业，售后响应也快，这点比竞品体验好。我是沙漠干皮，直播间入手，用了1周，和同价位竞品对比差异明显。,2026-05-24 20:24:00,49,19,天猫评价,NewBrand,舒缓保湿面膜,618大促,短视频评论,正向口碑
用了几天，连续用了一周，温和洁面乳对换季干燥有改善，修护感很明显。不建议盲买。我是痘肌，朋友推荐后购买，用了2次，大促期间看到很多类似反馈。,2026-05-31 16:13:00,36,6,抖音,竞品A,温和洁面乳,618大促,话题讨论,正向口碑
敏感肌用温和洁面乳很安心，泛红稳定下来，保湿感也不错。我是外油内干，达人链接下单，连续用了3天，和同价位竞品对比差异明显。,2026-05-25 07:01:00,67,2,京东评价,NewBrand,温和洁面乳,夏季修护专题,达人笔记,正向口碑
用了几天，NewBrand这波新品包装和肤感都比以前细腻，吸收快，味道也克制。大家怎么看？我是混油皮，大促囤货，早晚用了4天，这个点对敏感肌很关键。,2026-05-30 06:16:00,17,59,B站,NewBrand,光感修护精华液,达人测评,话题讨论,正向口碑
姐妹们，达人测评没有夸张，实际使用确实温和，油皮也能接受。不建议盲买。我是混油皮，旗舰店买的，连续用了3天，大促期间看到很多类似反馈。,2026-05-27 18:09:00,94,3,京东评价,竞品A,早C晚A精华套装,敏感肌种草,达人笔记,正向口碑
说实话，买的套装里小样快过期，包装还压坏了，活动体验很糟糕。我是油敏皮，达人链接下单，空瓶半瓶后，客服回复会直接影响我是否复购。,2026-05-25 18:12:00,55,17,抖音,竞品A,早C晚A精华套装,618大促,电商评价,产品质量风险
测评后感觉，敏感肌用光感修护精华液很安心，泛红稳定下来，保湿感也不错。大家怎么看？我是混油皮，达人链接下单，用了2次，这个点对敏感肌很关键。,2026-05-30 22:37:00,98,7,小红书,竞品B,光感修护精华液,敏感肌种草,短视频评论,正向口碑
测评后感觉，NewBrand这波新品包装和肤感都比以前细腻，吸收快，味道也克制。大家怎么看？我是痘肌，达人链接下单，空瓶半瓶后，这个点对敏感肌很关键。,2026-05-25 16:07:00,10,14,天猫评价,NewBrand,光感修护精华液,达人测评,达人笔记,正向口碑
这次屏障修护面霜真的好用，质地清爽不黏，早上上妆也不搓泥，已经准备回购。我是外油内干，大促囤货，空瓶半瓶后，后续上妆状态变化很大。,2026-05-27 23:57:00,54,15,小红书,NewBrand,屏障修护面霜,达人测评,电商评价,正向口碑
说实话，客服回复速度还行，但对过敏问题的解释比较模板化。大家怎么看？我是沙漠干皮，朋友推荐后购买，连续用了3天，和同价位竞品对比差异明显。,2026-05-28 17:33:00,13,0,B站,竞品A,舒缓保湿面膜,618大促,话题讨论,中性观察
用了几天，敏感肌用光感修护精华液很安心，泛红稳定下来，保湿感也不错。希望品牌给个明确说明。我是外油内干，直播间入手，连续用了3天，后续上妆状态变化很大。,2026-05-30 10:29:00,73,2,微博,NewBrand,光感修护精华液,618大促,电商评价,正向口碑
客服回复速度还行，但对过敏问题的解释比较模板化。不建议盲买。我是油敏皮，朋友推荐后购买，早晚用了4天，客服回复会直接影响我是否复购。,2026-05-30 20:16:00,16,3,微博,NewBrand,温和洁面乳,新品上市,用户评论,中性观察
用了几天，NewBrand这波新品包装和肤感都比以前细腻，吸收快，味道也克制。希望品牌给个明确说明。我是沙漠干皮，小样试用后入正装，刚上脸10分钟，和同价位竞品对比差异明显。,2026-05-26 17:03:00,49,0,小红书,NewBrand,早C晚A精华套装,新品上市,短视频评论,正向口碑
测评后感觉，连续用了一周，舒缓保湿面膜对换季干燥有改善，修护感很明显。我是痘肌，直播间入手，用了1周，这个点对敏感肌很关键。,2026-05-25 10:08:00,168,3,B站,NewBrand,舒缓保湿面膜,新品上市,短视频评论,正向口碑
姐妹们，达人测评没有夸张，实际使用确实温和，油皮也能接受。希望品牌给个明确说明。我是痘肌，达人链接下单，用了2次，大促期间看到很多类似反馈。,2026-05-30 07:00:00,43,1,小红书,竞品A,光感修护精华液,敏感肌种草,达人笔记,正向口碑
用了几天，成分表看起来偏修护，敏感肌最好先做局部测试。还会继续观察。我是正常偏干，朋友推荐后购买，用了2次，这个点对敏感肌很关键。,2026-05-31 09:02:00,5,5,B站,NewBrand,屏障修护面霜,618大促,话题讨论,中性观察
用了三天爆痘，停用后才慢慢好，不敢继续用了。不建议盲买。我是屏障受损肌，朋友推荐后购买，用了1周，和同价位竞品对比差异明显。,2026-05-29 00:46:00,113,50,京东评价,竞品A,屏障修护面霜,夏季修护专题,电商评价,达人内容质疑
测评后感觉，买的套装里小样快过期，包装还压坏了，活动体验很糟糕。还会继续观察。我是屏障受损肌，达人链接下单，连续用了3天，后续上妆状态变化很大。,2026-05-28 01:25:00,74,24,小红书,NewBrand,早C晚A精华套装,618大促,用户评论,价格价值争议
姐妹们，用了三天爆痘，停用后才慢慢好，不敢继续用了。我是屏障受损肌，朋友推荐后购买，连续用了3天，这个点对敏感肌很关键。,2026-05-25 15:00:00,171,8,京东评价,竞品C,屏障修护面霜,达人测评,达人笔记,产品质量风险
如果后续能补充第三方检测和适用人群说明，会更放心。我是正常偏干，达人链接下单，刚上脸10分钟，这个点对敏感肌很关键。,2026-05-26 19:56:00,22,19,B站,竞品A,早C晚A精华套装,夏季修护专题,电商评价,中性观察
用了几天，价格比竞品贵一截，但效果没有宣传那么夸张，感觉被种草文骗了。我是干敏皮，小样试用后入正装，用了1周，评论区反馈分化很明显。,2026-05-24 09:12:00,99,9,微博,竞品A,早C晚A精华套装,达人测评,用户评论,达人内容质疑
姐妹们，NewBrand这波新品包装和肤感都比以前细腻，吸收快，味道也克制。还会继续观察。我是外油内干，直播间入手，用了2次，和同价位竞品对比差异明显。,2026-05-28 09:33:00,51,25,京东评价,NewBrand,舒缓保湿面膜,夏季修护专题,短视频评论,正向口碑
用了几天，价格比竞品贵一截，但效果没有宣传那么夸张，感觉被种草文骗了。不建议盲买。我是混油皮，旗舰店买的，刚上脸10分钟，鼻翼和脸颊反应最明显。,2026-05-29 22:02:00,146,70,微博,NewBrand,早C晚A精华套装,夏季修护专题,电商评价,产品质量风险
姐妹们，用了三天爆痘，停用后才慢慢好，不敢继续用了。希望品牌给个明确说明。我是外油内干，直播间入手，空瓶半瓶后，后续上妆状态变化很大。,2026-05-26 07:25:00,57,15,天猫评价,竞品B,光感修护精华液,达人测评,话题讨论,售后体验不满
说实话，保湿和提亮都比较自然，不是那种立刻假白的效果。我是沙漠干皮，小样试用后入正装，空瓶半瓶后，评论区反馈分化很明显。,2026-05-26 19:22:00,51,6,天猫评价,竞品A,温和洁面乳,达人测评,话题讨论,正向口碑
姐妹们，光感修护精华液肤感还可以，但功效需要再观察，暂时没有特别惊喜。大家怎么看？我是外油内干，旗舰店买的，连续用了3天，评论区反馈分化很明显。,2026-05-31 07:02:00,38,7,京东评价,NewBrand,光感修护精华液,达人测评,用户评论,中性观察
姐妹们，包装设计挺好看，但更关心长期使用后的稳定性。大家怎么看？我是干敏皮，大促囤货，用了1周，这个点对敏感肌很关键。,2026-05-31 13:18:00,2,3,京东评价,NewBrand,舒缓保湿面膜,达人测评,电商评价,中性观察
测评后感觉，用了屏障修护面霜之后脸颊刺痛泛红，严重辣脸，第二天还起了小疹子。我是沙漠干皮，大促囤货，早晚用了4天，希望品牌补充适用人群说明。,2026-05-30 17:22:00,154,15,B站,竞品A,屏障修护面霜,敏感肌种草,电商评价,售后体验不满
姐妹们，竞品最近也在推类似概念，想看更真实的横评对比。我是正常偏干，小样试用后入正装，空瓶半瓶后，和同价位竞品对比差异明显。,2026-05-31 03:43:00,26,2,京东评价,竞品A,光感修护精华液,夏季修护专题,用户评论,中性观察
用了几天，用了三天爆痘，停用后才慢慢好，不敢继续用了。不建议盲买。我是屏障受损肌，旗舰店买的，早晚用了4天，大促期间看到很多类似反馈。,2026-05-30 22:59:00,151,15,天猫评价,NewBrand,早C晚A精华套装,达人测评,达人笔记,广告承诺争议
说实话，NewBrand这次活动力度一般，赠品多但主品价格没有太大优势。不建议盲买。我是屏障受损肌，直播间入手，用了2次，这个点对敏感肌很关键。,2026-05-25 02:44:00,127,1,微博,NewBrand,温和洁面乳,夏季修护专题,达人笔记,中性观察
测评后感觉，连续用了一周，舒缓保湿面膜对换季干燥有改善，修护感很明显。大家怎么看？我是沙漠干皮，大促囤货，早晚用了4天，评论区反馈分化很明显。,2026-05-25 07:44:00,55,1,抖音,NewBrand,舒缓保湿面膜,新品上市,达人笔记,正向口碑
测评后感觉，客服回复速度还行，但对过敏问题的解释比较模板化。还会继续观察。我是沙漠干皮，达人链接下单，用了1周，希望品牌补充适用人群说明。,2026-05-26 02:47:00,83,14,微博,NewBrand,舒缓保湿面膜,敏感肌种草,电商评价,中性观察
测评后感觉，这次屏障修护面霜真的好用，质地清爽不黏，早上上妆也不搓泥，已经准备回购。我是屏障受损肌，朋友推荐后购买，用了1周，希望品牌补充适用人群说明。,2026-05-26 02:27:00,11,8,B站,竞品A,屏障修护面霜,敏感肌种草,达人笔记,正向口碑
姐妹们，用了三天爆痘，停用后才慢慢好，不敢继续用了。我是油敏皮，大促囤货，空瓶半瓶后，和同价位竞品对比差异明显。,2026-05-27 02:48:00,74,16,小红书,NewBrand,早C晚A精华套装,达人测评,达人笔记,价格价值争议
测评后感觉，质地看着高级，上脸却搓泥，后续上妆完全不服帖，踩雷。还会继续观察。我是干敏皮，大促囤货，早晚用了4天，后续上妆状态变化很大。,2026-05-30 01:06:00,176,5,京东评价,竞品C,光感修护精华液,618大促,电商评价,售后体验不满
用了几天，质地看着高级，上脸却搓泥，后续上妆完全不服帖，踩雷。还会继续观察。我是痘肌，大促囤货，刚上脸10分钟，客服回复会直接影响我是否复购。,2026-05-31 17:27:00,128,46,京东评价,NewBrand,光感修护精华液,618大促,电商评价,产品质量风险
如果后续能补充第三方检测和适用人群说明，会更放心。还会继续观察。我是痘肌，大促囤货，早晚用了4天，这个点对敏感肌很关键。,2026-05-25 08:45:00,24,15,天猫评价,竞品C,屏障修护面霜,夏季修护专题,达人笔记,中性观察
NewBrand这波新品包装和肤感都比以前细腻，吸收快，味道也克制。不建议盲买。我是痘肌，小样试用后入正装，早晚用了4天，鼻翼和脸颊反应最明显。,2026-05-26 18:15:00,96,4,天猫评价,NewBrand,舒缓保湿面膜,敏感肌种草,话题讨论,正向口碑
姐妹们，客服解释成分很专业，售后响应也快，这点比竞品体验好。我是屏障受损肌，小样试用后入正装，空瓶半瓶后，希望品牌补充适用人群说明。,2026-05-31 14:39:00,100,12,B站,竞品A,温和洁面乳,达人测评,电商评价,正向口碑
测评后感觉，质地看着高级，上脸却搓泥，后续上妆完全不服帖，踩雷。大家怎么看？我是屏障受损肌，小样试用后入正装，空瓶半瓶后，希望品牌补充适用人群说明。,2026-05-27 03:22:00,134,5,抖音,竞品B,早C晚A精华套装,618大促,达人笔记,价格价值争议
用了几天，NewBrand广告说温和修护，但我用完明显过敏，这种宣传太离谱。不建议盲买。我是屏障受损肌，达人链接下单，用了2次，后续上妆状态变化很大。,2026-05-28 01:48:00,68,22,天猫评价,NewBrand,早C晚A精华套装,新品上市,用户评论,达人内容质疑
说实话，用了三天爆痘，停用后才慢慢好，不敢继续用了。还会继续观察。我是干敏皮，大促囤货，连续用了3天，和同价位竞品对比差异明显。,2026-05-31 22:58:00,71,66,小红书,NewBrand,屏障修护面霜,新品上市,电商评价,产品质量风险
说实话，活动价还可以，套装搭配合理，适合第一次尝试这个系列。大家怎么看？我是外油内干，小样试用后入正装，用了2次，客服回复会直接影响我是否复购。,2026-05-26 20:00:00,15,1,京东评价,竞品A,温和洁面乳,敏感肌种草,用户评论,正向口碑
说实话，质地看着高级，上脸却搓泥，后续上妆完全不服帖，踩雷。希望品牌给个明确说明。我是外油内干，直播间入手，早晚用了4天，大促期间看到很多类似反馈。,2026-05-28 21:25:00,84,11,京东评价,竞品A,早C晚A精华套装,夏季修护专题,用户评论,广告承诺争议
说实话，早C晚A精华套装肤感还可以，但功效需要再观察，暂时没有特别惊喜。大家怎么看？我是外油内干，直播间入手，用了2次，和同价位竞品对比差异明显。,2026-05-27 14:34:00,21,12,京东评价,NewBrand,早C晚A精华套装,618大促,话题讨论,中性观察
说实话，用了光感修护精华液之后脸颊刺痛泛红，严重辣脸，第二天还起了小疹子。不建议盲买。我是外油内干，达人链接下单，连续用了3天，客服回复会直接影响我是否复购。,2026-05-26 15:46:00,117,2,抖音,NewBrand,光感修护精华液,新品上市,短视频评论,售后体验不满
姐妹们，活动价还可以，套装搭配合理，适合第一次尝试这个系列。还会继续观察。我是外油内干，旗舰店买的，用了1周，鼻翼和脸颊反应最明显。,2026-05-26 22:37:00,64,9,微博,竞品A,光感修护精华液,达人测评,话题讨论,正向口碑
用了几天，达人笔记全在夸，评论区却很多人说刺激，品牌是不是控评了。大家怎么看？我是沙漠干皮，旗舰店买的，用了2次，鼻翼和脸颊反应最明显。,2026-05-28 22:33:00,104,3,小红书,NewBrand,屏障修护面霜,达人测评,短视频评论,售后体验不满
说实话，用了早C晚A精华套装之后脸颊刺痛泛红，严重辣脸，第二天还起了小疹子。我是混油皮，大促囤货，空瓶半瓶后，大促期间看到很多类似反馈。,2026-05-29 22:05:00,374,30,小红书,竞品C,早C晚A精华套装,新品上市,短视频评论,价格价值争议
姐妹们，温和洁面乳肤感还可以，但功效需要再观察，暂时没有特别惊喜。还会继续观察。我是屏障受损肌，朋友推荐后购买，用了2次，评论区反馈分化很明显。,2026-05-31 03:46:00,32,1,京东评价,竞品C,温和洁面乳,新品上市,电商评价,中性观察
测评后感觉，保湿和提亮都比较自然，不是那种立刻假白的效果。还会继续观察。我是痘肌，小样试用后入正装，早晚用了4天，鼻翼和脸颊反应最明显。,2026-05-30 10:16:00,47,7,微博,NewBrand,早C晚A精华套装,618大促,话题讨论,正向口碑
用了屏障修护面霜之后脸颊刺痛泛红，严重辣脸，第二天还起了小疹子。我是外油内干，小样试用后入正装，刚上脸10分钟，希望品牌补充适用人群说明。,2026-05-26 13:05:00,110,30,微博,NewBrand,屏障修护面霜,达人测评,达人笔记,价格价值争议
测评后感觉，质地看着高级，上脸却搓泥，后续上妆完全不服帖，踩雷。希望品牌给个明确说明。我是正常偏干，朋友推荐后购买，连续用了3天，后续上妆状态变化很大。,2026-05-27 03:48:00,260,24,京东评价,NewBrand,屏障修护面霜,敏感肌种草,话题讨论,售后体验不满
说实话，达人笔记全在夸，评论区却很多人说刺激，品牌是不是控评了。希望品牌给个明确说明。我是沙漠干皮，旗舰店买的，空瓶半瓶后，鼻翼和脸颊反应最明显。,2026-05-30 09:00:00,166,43,抖音,竞品C,屏障修护面霜,敏感肌种草,电商评价,达人内容质疑
测评后感觉，竞品最近也在推类似概念，想看更真实的横评对比。不建议盲买。我是屏障受损肌，小样试用后入正装，连续用了3天，后续上妆状态变化很大。,2026-05-28 03:55:00,96,34,抖音,竞品B,光感修护精华液,618大促,达人笔记,中性观察
测评后感觉，达人笔记全在夸，评论区却很多人说刺激，品牌是不是控评了。还会继续观察。我是沙漠干皮，达人链接下单，用了1周，和同价位竞品对比差异明显。,2026-05-31 17:03:00,127,0,抖音,竞品A,早C晚A精华套装,敏感肌种草,短视频评论,产品质量风险
说实话，成分表看起来偏修护，敏感肌最好先做局部测试。希望品牌给个明确说明。我是痘肌，大促囤货，刚上脸10分钟，客服回复会直接影响我是否复购。,2026-05-27 00:43:00,54,5,京东评价,NewBrand,屏障修护面霜,新品上市,用户评论,中性观察
说实话，活动价还可以，套装搭配合理，适合第一次尝试这个系列。我是痘肌，大促囤货，用了2次，这个点对敏感肌很关键。,2026-05-29 17:34:00,65,22,京东评价,竞品A,屏障修护面霜,敏感肌种草,短视频评论,正向口碑
说实话，如果后续能补充第三方检测和适用人群说明，会更放心。我是痘肌，小样试用后入正装，早晚用了4天，客服回复会直接影响我是否复购。,2026-05-30 06:23:00,16,6,天猫评价,NewBrand,舒缓保湿面膜,达人测评,短视频评论,中性观察
测评后感觉，光感修护精华液肤感还可以，但功效需要再观察，暂时没有特别惊喜。希望品牌给个明确说明。我是油敏皮，朋友推荐后购买，用了1周，后续上妆状态变化很大。,2026-05-26 16:54:00,27,5,京东评价,竞品B,光感修护精华液,618大促,用户评论,中性观察
连续用了一周，早C晚A精华套装对换季干燥有改善，修护感很明显。希望品牌给个明确说明。我是痘肌，达人链接下单，连续用了3天，希望品牌补充适用人群说明。,2026-05-29 18:39:00,23,1,天猫评价,NewBrand,早C晚A精华套装,夏季修护专题,话题讨论,正向口碑
姐妹们，如果后续能补充第三方检测和适用人群说明，会更放心。希望品牌给个明确说明。我是干敏皮，小样试用后入正装，用了2次，鼻翼和脸颊反应最明显。,2026-05-31 11:51:00,22,2,京东评价,NewBrand,早C晚A精华套装,618大促,用户评论,中性观察
用了几天，保湿和提亮都比较自然，不是那种立刻假白的效果。我是正常偏干，达人链接下单，用了2次，鼻翼和脸颊反应最明显。,2026-05-30 04:29:00,64,20,抖音,NewBrand,舒缓保湿面膜,达人测评,短视频评论,正向口碑
姐妹们，成分表看起来偏修护，敏感肌最好先做局部测试。希望品牌给个明确说明。我是干敏皮，达人链接下单，空瓶半瓶后，和同价位竞品对比差异明显。,2026-05-25 21:00:00,13,0,抖音,竞品B,舒缓保湿面膜,敏感肌种草,短视频评论,中性观察
姐妹们，价格比竞品贵一截，但效果没有宣传那么夸张，感觉被种草文骗了。大家怎么看？我是沙漠干皮，达人链接下单，刚上脸10分钟，评论区反馈分化很明显。,2026-05-26 01:18:00,141,9,抖音,竞品A,光感修护精华液,敏感肌种草,电商评价,产品质量风险
姐妹们，连续用了一周，光感修护精华液对换季干燥有改善，修护感很明显。我是外油内干，小样试用后入正装，早晚用了4天，大促期间看到很多类似反馈。,2026-05-31 12:50:00,28,12,微博,NewBrand,光感修护精华液,敏感肌种草,电商评价,正向口碑
说实话，买的套装里小样快过期，包装还压坏了，活动体验很糟糕。还会继续观察。我是混油皮，朋友推荐后购买，用了1周，后续上妆状态变化很大。,2026-05-24 13:10:00,114,39,小红书,NewBrand,舒缓保湿面膜,敏感肌种草,电商评价,价格价值争议
测评后感觉，客服一直让我再观察，没有给明确处理方案，售后体验真的差。大家怎么看？我是屏障受损肌，小样试用后入正装，空瓶半瓶后，评论区反馈分化很明显。,2026-05-24 20:36:00,73,10,小红书,NewBrand,光感修护精华液,敏感肌种草,达人笔记,广告承诺争议
姐妹们，价格比竞品贵一截，但效果没有宣传那么夸张，感觉被种草文骗了。还会继续观察。我是正常偏干，小样试用后入正装，早晚用了4天，客服回复会直接影响我是否复购。,2026-05-24 14:10:00,107,9,京东评价,NewBrand,早C晚A精华套装,618大促,短视频评论,售后体验不满
姐妹们，看到很多人反馈刺痛，也有人说好用，感觉和肤质关系很大。我是混油皮，小样试用后入正装，连续用了3天，大促期间看到很多类似反馈。,2026-05-28 20:54:00,20,6,天猫评价,NewBrand,温和洁面乳,敏感肌种草,短视频评论,中性观察
测评后感觉，达人测评没有夸张，实际使用确实温和，油皮也能接受。希望品牌给个明确说明。我是油敏皮，朋友推荐后购买，用了2次，鼻翼和脸颊反应最明显。,2026-05-28 01:02:00,79,3,小红书,竞品B,屏障修护面霜,达人测评,用户评论,正向口碑
姐妹们，看到很多人反馈刺痛，也有人说好用，感觉和肤质关系很大。不建议盲买。我是油敏皮，朋友推荐后购买，用了2次，大促期间看到很多类似反馈。,2026-05-25 12:20:00,42,1,小红书,竞品C,早C晚A精华套装,618大促,电商评价,中性观察
说实话，NewBrand广告说温和修护，但我用完明显过敏，这种宣传太离谱。希望品牌给个明确说明。我是沙漠干皮，旗舰店买的，用了1周，和同价位竞品对比差异明显。,2026-05-26 04:34:00,157,38,抖音,NewBrand,光感修护精华液,618大促,用户评论,价格价值争议
测评后感觉，活动价还可以，套装搭配合理，适合第一次尝试这个系列。大家怎么看？我是油敏皮，旗舰店买的，刚上脸10分钟，这个点对敏感肌很关键。,2026-05-25 07:43:00,116,2,天猫评价,NewBrand,舒缓保湿面膜,618大促,达人笔记,正向口碑
测评后感觉，成分表看起来偏修护，敏感肌最好先做局部测试。不建议盲买。我是沙漠干皮，小样试用后入正装，早晚用了4天，大促期间看到很多类似反馈。,2026-05-29 11:07:00,1,5,小红书,NewBrand,早C晚A精华套装,达人测评,短视频评论,中性观察
说实话，客服一直让我再观察，没有给明确处理方案，售后体验真的差。大家怎么看？我是痘肌，小样试用后入正装，用了2次，后续上妆状态变化很大。,2026-05-25 04:52:00,80,13,天猫评价,NewBrand,屏障修护面霜,达人测评,话题讨论,售后体验不满
光感修护精华液肤感还可以，但功效需要再观察，暂时没有特别惊喜。希望品牌给个明确说明。我是混油皮，达人链接下单，刚上脸10分钟，后续上妆状态变化很大。,2026-05-30 13:09:00,85,6,抖音,NewBrand,光感修护精华液,达人测评,话题讨论,中性观察
说实话，质地看着高级，上脸却搓泥，后续上妆完全不服帖，踩雷。还会继续观察。我是正常偏干，达人链接下单，连续用了3天，这个点对敏感肌很关键。,2026-05-24 09:11:00,31,11,天猫评价,竞品A,温和洁面乳,夏季修护专题,短视频评论,广告承诺争议
测评后感觉，成分表看起来偏修护，敏感肌最好先做局部测试。我是干敏皮，大促囤货，刚上脸10分钟，希望品牌补充适用人群说明。,2026-05-25 11:13:00,38,7,微博,NewBrand,温和洁面乳,新品上市,达人笔记,中性观察
测评后感觉，NewBrand广告说温和修护，但我用完明显过敏，这种宣传太离谱。希望品牌给个明确说明。我是正常偏干，达人链接下单，用了1周，鼻翼和脸颊反应最明显。,2026-05-29 03:49:00,45,9,天猫评价,NewBrand,早C晚A精华套装,达人测评,电商评价,售后体验不满
测评后感觉，这次光感修护精华液真的好用，质地清爽不黏，早上上妆也不搓泥，已经准备回购。我是沙漠干皮，大促囤货，空瓶半瓶后，和同价位竞品对比差异明显。,2026-06-01 07:42:00,75,18,抖音,NewBrand,光感修护精华液,达人测评,短视频评论,正向口碑
用了几天，连续用了一周，光感修护精华液对换季干燥有改善，修护感很明显。还会继续观察。我是干敏皮，达人链接下单，用了1周，希望品牌补充适用人群说明。,2026-05-30 17:31:00,118,19,微博,NewBrand,光感修护精华液,敏感肌种草,达人笔记,正向口碑
姐妹们，竞品最近也在推类似概念，想看更真实的横评对比。不建议盲买。我是混油皮，直播间入手，空瓶半瓶后，客服回复会直接影响我是否复购。,2026-05-26 23:59:00,50,0,B站,竞品A,温和洁面乳,618大促,话题讨论,中性观察
测评后感觉，质地看着高级，上脸却搓泥，后续上妆完全不服帖，踩雷。还会继续观察。我是外油内干，达人链接下单，刚上脸10分钟，和同价位竞品对比差异明显。,2026-05-24 21:34:00,36,14,抖音,NewBrand,舒缓保湿面膜,达人测评,话题讨论,广告承诺争议
姐妹们，价格比竞品贵一截，但效果没有宣传那么夸张，感觉被种草文骗了。希望品牌给个明确说明。我是沙漠干皮，大促囤货，用了1周，希望品牌补充适用人群说明。,2026-05-30 08:42:00,72,14,B站,NewBrand,早C晚A精华套装,敏感肌种草,短视频评论,售后体验不满
连续用了一周，屏障修护面霜对换季干燥有改善，修护感很明显。大家怎么看？我是痘肌，朋友推荐后购买，用了1周，大促期间看到很多类似反馈。,2026-05-30 00:50:00,41,5,天猫评价,NewBrand,屏障修护面霜,敏感肌种草,达人笔记,正向口碑
说实话，达人笔记全在夸，评论区却很多人说刺激，品牌是不是控评了。不建议盲买。我是干敏皮，大促囤货，早晚用了4天，大促期间看到很多类似反馈。,2026-05-31 01:06:00,97,53,抖音,NewBrand,屏障修护面霜,夏季修护专题,用户评论,价格价值争议
测评后感觉，NewBrand这次活动力度一般，赠品多但主品价格没有太大优势。大家怎么看？我是正常偏干，大促囤货，刚上脸10分钟，后续上妆状态变化很大。,2026-05-27 07:14:00,76,3,微博,NewBrand,舒缓保湿面膜,敏感肌种草,用户评论,中性观察
测评后感觉，包装设计挺好看，但更关心长期使用后的稳定性。还会继续观察。我是屏障受损肌，达人链接下单，早晚用了4天，评论区反馈分化很明显。,2026-05-25 10:19:00,33,15,天猫评价,NewBrand,光感修护精华液,敏感肌种草,达人笔记,中性观察
姐妹们，包装设计挺好看，但更关心长期使用后的稳定性。还会继续观察。我是干敏皮，小样试用后入正装，用了1周，和同价位竞品对比差异明显。,2026-05-31 11:40:00,17,4,小红书,NewBrand,早C晚A精华套装,夏季修护专题,话题讨论,中性观察
用了几天，用了三天爆痘，停用后才慢慢好，不敢继续用了。还会继续观察。我是油敏皮，大促囤货，刚上脸10分钟，后续上妆状态变化很大。,2026-05-25 06:57:00,49,68,小红书,NewBrand,早C晚A精华套装,新品上市,话题讨论,价格价值争议
客服一直让我再观察，没有给明确处理方案，售后体验真的差。希望品牌给个明确说明。我是外油内干，小样试用后入正装，用了2次，后续上妆状态变化很大。,2026-05-29 21:47:00,191,3,天猫评价,竞品C,光感修护精华液,达人测评,达人笔记,价格价值争议
看到很多人反馈刺痛，也有人说好用，感觉和肤质关系很大。我是沙漠干皮，直播间入手，早晚用了4天，客服回复会直接影响我是否复购。,2026-05-28 08:07:00,53,9,小红书,NewBrand,温和洁面乳,新品上市,用户评论,中性观察
用了三天爆痘，停用后才慢慢好，不敢继续用了。还会继续观察。我是正常偏干，直播间入手，用了2次，大促期间看到很多类似反馈。,2026-05-28 22:59:00,149,10,天猫评价,竞品B,光感修护精华液,新品上市,达人笔记,价格价值争议
连续用了一周，舒缓保湿面膜对换季干燥有改善，修护感很明显。我是混油皮，直播间入手，用了1周，客服回复会直接影响我是否复购。,2026-05-27 01:46:00,14,5,天猫评价,竞品B,舒缓保湿面膜,618大促,短视频评论,正向口碑
测评后感觉，活动价还可以，套装搭配合理，适合第一次尝试这个系列。我是痘肌，旗舰店买的，连续用了3天，希望品牌补充适用人群说明。,2026-05-25 00:45:00,21,4,小红书,NewBrand,屏障修护面霜,敏感肌种草,用户评论,正向口碑
买的套装里小样快过期，包装还压坏了，活动体验很糟糕。还会继续观察。我是沙漠干皮，直播间入手，用了2次，大促期间看到很多类似反馈。,2026-05-25 08:12:00,44,9,微博,竞品A,光感修护精华液,达人测评,电商评价,产品质量风险
姐妹们，用了三天爆痘，停用后才慢慢好，不敢继续用了。大家怎么看？我是油敏皮，大促囤货，连续用了3天，鼻翼和脸颊反应最明显。,2026-05-29 01:30:00,46,4,天猫评价,NewBrand,早C晚A精华套装,618大促,用户评论,价格价值争议
早C晚A精华套装肤感还可以，但功效需要再观察，暂时没有特别惊喜。希望品牌给个明确说明。我是油敏皮，旗舰店买的，用了1周，这个点对敏感肌很关键。,2026-05-25 09:24:00,13,5,天猫评价,竞品C,早C晚A精华套装,新品上市,电商评价,中性观察
用了几天，价格比竞品贵一截，但效果没有宣传那么夸张，感觉被种草文骗了。还会继续观察。我是痘肌，朋友推荐后购买，用了2次，后续上妆状态变化很大。,2026-05-25 03:27:00,31,9,京东评价,竞品A,温和洁面乳,夏季修护专题,达人笔记,产品质量风险
用了几天，竞品A这次活动力度一般，赠品多但主品价格没有太大优势。希望品牌给个明确说明。我是沙漠干皮，直播间入手，用了1周，大促期间看到很多类似反馈。,2026-06-01 06:50:00,107,2,微博,竞品A,光感修护精华液,敏感肌种草,用户评论,中性观察
测评后感觉，达人测评没有夸张，实际使用确实温和，油皮也能接受。希望品牌给个明确说明。我是痘肌，旗舰店买的，用了2次，和同价位竞品对比差异明显。,2026-05-28 07:33:00,28,1,天猫评价,NewBrand,屏障修护面霜,新品上市,用户评论,正向口碑
姐妹们，活动价还可以，套装搭配合理，适合第一次尝试这个系列。希望品牌给个明确说明。我是油敏皮，旗舰店买的，用了2次，这个点对敏感肌很关键。,2026-05-29 18:59:00,70,10,小红书,NewBrand,光感修护精华液,敏感肌种草,话题讨论,正向口碑
姐妹们，竞品B这波新品包装和肤感都比以前细腻，吸收快，味道也克制。大家怎么看？我是油敏皮，旗舰店买的，用了2次，后续上妆状态变化很大。,2026-05-26 22:25:00,28,22,微博,竞品B,屏障修护面霜,夏季修护专题,话题讨论,正向口碑
说实话，买的套装里小样快过期，包装还压坏了，活动体验很糟糕。还会继续观察。我是屏障受损肌，达人链接下单，用了1周，评论区反馈分化很明显。,2026-05-27 06:56:00,182,7,B站,竞品A,光感修护精华液,新品上市,达人笔记,售后体验不满
姐妹们，质地看着高级，上脸却搓泥，后续上妆完全不服帖，踩雷。希望品牌给个明确说明。我是屏障受损肌，大促囤货，连续用了3天，希望品牌补充适用人群说明。,2026-05-25 15:03:00,96,9,京东评价,竞品A,舒缓保湿面膜,敏感肌种草,用户评论,产品质量风险
姐妹们，质地看着高级，上脸却搓泥，后续上妆完全不服帖，踩雷。希望品牌给个明确说明。我是屏障受损肌，朋友推荐后购买，用了1周，和同价位竞品对比差异明显。,2026-05-28 14:52:00,27,12,天猫评价,NewBrand,舒缓保湿面膜,新品上市,达人笔记,广告承诺争议
说实话，买的套装里小样快过期，包装还压坏了，活动体验很糟糕。希望品牌给个明确说明。我是屏障受损肌，小样试用后入正装，用了1周，后续上妆状态变化很大。,2026-05-25 03:51:00,154,11,抖音,竞品C,光感修护精华液,敏感肌种草,用户评论,广告承诺争议
姐妹们，买的套装里小样快过期，包装还压坏了，活动体验很糟糕。我是痘肌，小样试用后入正装，用了1周，评论区反馈分化很明显。,2026-05-27 00:25:00,176,20,京东评价,竞品B,舒缓保湿面膜,夏季修护专题,电商评价,价格价值争议
说实话，连续用了一周，舒缓保湿面膜对换季干燥有改善，修护感很明显。不建议盲买。我是痘肌，达人链接下单，早晚用了4天，客服回复会直接影响我是否复购。,2026-05-30 13:54:00,17,16,天猫评价,竞品A,舒缓保湿面膜,618大促,用户评论,正向口碑
测评后感觉，质地看着高级，上脸却搓泥，后续上妆完全不服帖，踩雷。大家怎么看？我是油敏皮，朋友推荐后购买，空瓶半瓶后，希望品牌补充适用人群说明。,2026-05-26 16:36:00,47,21,京东评价,NewBrand,早C晚A精华套装,夏季修护专题,达人笔记,售后体验不满
说实话，价格比竞品贵一截，但效果没有宣传那么夸张，感觉被种草文骗了。大家怎么看？我是外油内干，达人链接下单，刚上脸10分钟，和同价位竞品对比差异明显。,2026-05-27 15:45:00,65,97,京东评价,NewBrand,屏障修护面霜,新品上市,短视频评论,价格价值争议
买的套装里小样快过期，包装还压坏了，活动体验很糟糕。大家怎么看？我是混油皮，大促囤货，连续用了3天，评论区反馈分化很明显。,2026-05-26 07:48:00,106,15,天猫评价,NewBrand,舒缓保湿面膜,新品上市,电商评价,价格价值争议
说实话，NewBrand这波新品包装和肤感都比以前细腻，吸收快，味道也克制。还会继续观察。我是油敏皮，朋友推荐后购买，空瓶半瓶后，客服回复会直接影响我是否复购。,2026-05-25 15:59:00,110,7,天猫评价,NewBrand,早C晚A精华套装,新品上市,短视频评论,正向口碑
用了几天，竞品A这波新品包装和肤感都比以前细腻，吸收快，味道也克制。大家怎么看？我是沙漠干皮，大促囤货，刚上脸10分钟，希望品牌补充适用人群说明。,2026-05-31 15:35:00,143,4,天猫评价,竞品A,温和洁面乳,618大促,达人笔记,正向口碑
用了几天，价格比竞品贵一截，但效果没有宣传那么夸张，感觉被种草文骗了。希望品牌给个明确说明。我是沙漠干皮，达人链接下单，早晚用了4天，客服回复会直接影响我是否复购。,2026-05-30 00:03:00,160,69,小红书,NewBrand,屏障修护面霜,敏感肌种草,电商评价,达人内容质疑
用了几天，客服一直让我再观察，没有给明确处理方案，售后体验真的差。我是外油内干，达人链接下单，连续用了3天，鼻翼和脸颊反应最明显。,2026-05-24 14:29:00,160,0,小红书,NewBrand,温和洁面乳,敏感肌种草,短视频评论,售后体验不满
说实话，NewBrand这波新品包装和肤感都比以前细腻，吸收快，味道也克制。我是混油皮，旗舰店买的，用了2次，鼻翼和脸颊反应最明显。,2026-05-28 20:38:00,36,6,天猫评价,NewBrand,舒缓保湿面膜,新品上市,用户评论,正向口碑
测评后感觉，达人笔记全在夸，评论区却很多人说刺激，品牌是不是控评了。大家怎么看？我是屏障受损肌，直播间入手，空瓶半瓶后，大促期间看到很多类似反馈。,2026-05-26 06:42:00,147,49,京东评价,竞品B,光感修护精华液,夏季修护专题,达人笔记,售后体验不满
用了几天，如果后续能补充第三方检测和适用人群说明，会更放心。不建议盲买。我是油敏皮，达人链接下单，用了1周，后续上妆状态变化很大。,2026-05-30 22:35:00,31,2,京东评价,NewBrand,温和洁面乳,夏季修护专题,短视频评论,中性观察
测评后感觉，达人测评没有夸张，实际使用确实温和，油皮也能接受。我是屏障受损肌，直播间入手，刚上脸10分钟，这个点对敏感肌很关键。,2026-05-25 17:03:00,15,4,京东评价,NewBrand,早C晚A精华套装,达人测评,电商评价,正向口碑
